,机构名称,注册编号,报告/证书允许使用认可标识的其他名称,联系人,联系电话,邮政编码,传真号码,网站地址,电子邮箱,单位地址,认证开始时间,认证结束时间
0,中国食品发酵工业研究院有限公司 中国工业微生物菌种保藏管理中心,RM0026,,都海渤,010-53218288-6363,100015,010-53218307,www.china-cicc.org,duhaibo@china-cicc.org,北京市朝阳区酒仙桥中路24号院6号楼,2018/04/16,2024/04/15
1,国标（北京）检验认证有限公司,RM0025,,童坚,010-8241768,100088,010-82241343,http://www.gbtcgroup.com/,huaxue@grinm.com,北京市西城区新街口外大街2号,2018/02/12,2024/02/11
2,中国检验检疫科学研究院测试评价中心,RM0023,,王秀君,010-53897832,100176,010-53897815,www.acas.com.cn,acas_iso@126.com,北京市亦庄经济技术开发区荣华南路11号,2017/11/24,2023/11/23
3,北京坛墨质检科技有限公司,RM0024,,李倩,010-52746770,100076,,,,北京市亦庄经济技术开发区宏达南路5号1幢407、408、411-413室，2幢4层,2017/11/24,2023/11/23
4,北京曼哈格生物科技有限公司,RM0022,,郑悦,010-56370199,101102,010-56370197,,zhengyue@bestown.net.cn,北京市通州区马驹桥景盛南四街15号联东U谷中区63号楼二层,2017/11/15,2023/11/14
5,钢研纳克检测技术股份有限公司,RM0002,,刘正,010-62188671,100081,010-62182584,www.ncschina.com,liuzheng@ncschina.com,北京市海淀区高梁桥斜街13号,2017/05/22,2023/06/10
6,环境保护部标准样品研究所,RM0001,,孙自杰,010-84665742/13681023862,100029,010-84646334,www.ierm.com.cn,sun.zijie@ierm.com.cn,北京市朝阳区育慧南路1号,2017/01/16,2023/02/06
7,上海材料研究所检测中心,RM0003,,陆慧,021-65556775-330/13636350116,200437,021-65557368,www.sct.org.cn,luhui0623@163.com,上海市邯郸路99号,2018/06/08,2024/06/07
8,宝山钢铁股份有限公司中央研究院（技术中心）研发保障中心,RM0011,,纪红玲,021-26648701/13918819060,201900,021-26648701,,,上海市宝山区富锦路655号,2018/02/05,2024/03/04
9,上海安谱实验科技股份有限公司,RM0021,,武嫱,021-57800875-5501,201608,,www.anpel.com.cn,wuqiang@anpel.com.cn,上海市松江区叶榭镇叶张路59号,2017/07/14,2023/07/13
10,中信锦州金属股份有限公司质量检验中心,RM0007,,金爱娣,0416-7182401/13941606726,121005,0416-7182401,www.jzthj.com,jad@jzthz.com,辽宁省锦州市太和区合金里59号,2018/09/09,2024/09/16
11,沈阳产品质量监督检验院,RM0005,,房乐,024-25893230,110022,024-25893230,www.syzjy.net,fangle7777777@126.com,辽宁省沈阳市铁西区滑翔路24号,2017/11/15,2023/11/14
12,吉林铁合金股份有限公司技术中心检测中心,RM0006,,郑海东,0432-62707300/18043721099,132002,0432-62707300,www.jlthj.com,53450@qq.com,吉林省吉林市昌邑区和平街21号,2017/11/24,2023/11/23
13,山东省冶金科学研究院有限公司标准样品研究所,RM0012,,张莉,0531-88593058/13573116041,250014,0531-88593007,www.rms.cn,zhli_518@163.com,山东省济南市历下区解放东路66号,2018/11/13,2024/11/12
14,济南众标科技有限公司,RM0004,,王雪莹,0531-82687959,250101,0531-82687959,www.zhbkj.com,angelwxy@263.net,山东省济南市高新区新泺大街3003号宝威科技园D座,2016/05/20,2022/05/19
15,中铝洛阳铜业检测技术有限公司检测中心,RM0009,,秦书平,0379-64938463,471039,0379-64938388,www.zljczx.com,qsp543@sina.com,河南省洛阳市建设路50号,2017/07/26,2023/07/25
16,华测检测认证集团股份有限公司,RM0008,,张春艳,0755-33684389/13632901906,518101,0755-33683385,www.cti-cert.com/,zhangchunyan@cti-cert.com,广东省深圳市宝安区新安街道留仙三路4号华测检测大楼,2016/07/08,2022/07/07
