,1,2,3
0,https://las.cnas.org.cn/LAS/publish/queryPublishSignatory.action?baseinfoId=11b5cb54a63c4fe19a8cdd0518357bc5,中国信息通信研究院中国泰尔实验室,2019/04/24 - 2025/04/23
1,https://las.cnas.org.cn/LAS/publish/queryPublishSignatory.action?baseinfoId=060409df7e434f31be426d6de8e2669a,中国电子技术标准化研究院赛西实验室,2019/03/27 - 2025/03/26
2,https://las.cnas.org.cn/LAS/publish/queryPublishSignatory.action?baseinfoId=43fa9321520e485b9cfd248e833fe292,中咨公路养护检测技术有限公司,2019/03/27 - 2025/03/26
3,https://las.cnas.org.cn/LAS/publish/queryPublishSignatory.action?baseinfoId=93fdea44fa274de5a15d53957fd83252,中交基础设施养护集团有限公司试验检测监测中心,2019/01/18 - 2025/02/28
4,https://las.cnas.org.cn/LAS/publish/queryPublishSignatory.action?baseinfoId=ae6abf6bce8d43749103ed97eb59be7f,钢研纳克检测技术股份有限公司,2019/02/18 - 2025/02/17
5,https://las.cnas.org.cn/LAS/publish/queryPublishSignatory.action?baseinfoId=c782dcdeec684bdeb6fbb964da296781,中国民航科学技术研究院民用无人机检验中心,2019/01/30 - 2025/01/29
6,https://las.cnas.org.cn/LAS/publish/queryPublishSignatory.action?baseinfoId=6bb007498aa64f189adada6ba3b3a08b,交通运输通信信息工程质量检测中心,2018/12/26 - 2024/12/25
7,https://las.cnas.org.cn/LAS/publish/queryPublishSignatory.action?baseinfoId=15a20b2cc07d40259b85f50602c4de8e,中国电子信息产业集团有限公司第六研究所工业控制系统信息安全技术国家工程实验室,2018/12/12 - 2024/12/11
8,https://las.cnas.org.cn/LAS/publish/queryPublishSignatory.action?baseinfoId=1f12335eb78b491bb3f634f584bc2cb4,中铁物总技术有限公司,2018/12/06 - 2024/12/05
9,https://las.cnas.org.cn/LAS/publish/queryPublishSignatory.action?baseinfoId=0e64e8666e0844e4847f0ee2998f99f2,中路高科交通检测检验认证有限公司,2018/11/21 - 2024/11/20
10,https://las.cnas.org.cn/LAS/publish/queryPublishSignatory.action?baseinfoId=e052fa587be7437f8f4767f6b660fea8,北京中富恒大工程质量检测有限公司,2018/10/31 - 2024/10/30
11,https://las.cnas.org.cn/LAS/publish/queryPublishSignatory.action?baseinfoId=f0298f036f0a49adb805fedb4b5948d0,北京万事兴达防雷设施检测服务中心,2018/10/24 - 2024/10/23
12,https://las.cnas.org.cn/LAS/publish/queryPublishSignatory.action?baseinfoId=0066d7a7913b444cabf31fa1187f050f,北京市建设工程质量第五检测所有限公司,2018/09/21 - 2024/10/20
13,https://las.cnas.org.cn/LAS/publish/queryPublishSignatory.action?baseinfoId=0d4fca0da7404e7ebe3d9da2b0f6d2d1,北京亮点软测科技有限公司,2018/09/28 - 2024/09/27
14,https://las.cnas.org.cn/LAS/publish/queryPublishSignatory.action?baseinfoId=a67ce3572e614e3780dd8c5a48447535,北京中科卓信软件测评技术中心,2018/06/15 - 2024/09/14
15,https://las.cnas.org.cn/LAS/publish/queryPublishSignatory.action?baseinfoId=bce587bbf0de4ff88d457938784fe2bb,北京中城科绿色建筑科技有限公司,2018/07/26 - 2024/07/25
16,https://las.cnas.org.cn/LAS/publish/queryPublishSignatory.action?baseinfoId=fa4f9df0f468408ab354ebc6528941e9,全国海关电子通关中心信息安全保密测评实验室,2018/07/25 - 2024/07/24
17,https://las.cnas.org.cn/LAS/publish/queryPublishSignatory.action?baseinfoId=c9ffb23dedf8409a8ec62fab9542d6be,北京中联海陆商品检验有限公司,2018/07/20 - 2024/07/19
18,https://las.cnas.org.cn/LAS/publish/queryPublishSignatory.action?baseinfoId=c8b5e8e307724d758a927507bafdc5d4,龙源(北京)风电工程技术有限公司安监部,2018/07/13 - 2024/07/12
19,https://las.cnas.org.cn/LAS/publish/queryPublishSignatory.action?baseinfoId=f84dec91e5d149c5a1ffcba604579d3b,北京康布尔石油技术发展有限公司,2018/06/28 - 2024/07/01
20,https://las.cnas.org.cn/LAS/publish/queryPublishSignatory.action?baseinfoId=31965b2201cd4db59eb7a856dbcc77f6,国家机床质量监督检验中心,2018/04/24 - 2024/05/26
21,https://las.cnas.org.cn/LAS/publish/queryPublishSignatory.action?baseinfoId=a17885e757264a8dac0b3056ba70c9f0,北京迪捷姆空运技术开发有限公司,2018/04/24 - 2024/05/06
22,https://las.cnas.org.cn/LAS/publish/queryPublishSignatory.action?baseinfoId=d3df821bb85742a29cfe1466b92a8910,中科信息安全共性技术国家工程研究中心有限公司,2018/04/28 - 2024/05/04
23,https://las.cnas.org.cn/LAS/publish/queryPublishSignatory.action?baseinfoId=265cc407135841ba9bec953a4b003c11,中通铁塔（北京）工程技术有限公司,2018/03/16 - 2024/05/03
24,https://las.cnas.org.cn/LAS/publish/queryPublishSignatory.action?baseinfoId=8585b2e2c2384b05bd87f092a83b712e,中青宏业（北京）工程质量检测鉴定有限公司,2018/04/28 - 2024/04/27
25,https://las.cnas.org.cn/LAS/publish/queryPublishSignatory.action?baseinfoId=75a77e974ee349d2af64fd56329adf5e,北京信息安全测评中心,2018/04/23 - 2024/04/27
26,https://las.cnas.org.cn/LAS/publish/queryPublishSignatory.action?baseinfoId=47ac93e9bdad4184bdea77d5c064f756,中广电广播电影电视设计研究院广播通信铁塔及桅杆产品检测中心,2018/04/23 - 2024/04/22
27,https://las.cnas.org.cn/LAS/publish/queryPublishSignatory.action?baseinfoId=683bdf34d9884adba92b5a0e797fda59,中国特种设备检测研究院,2018/02/12 - 2024/04/17
28,https://las.cnas.org.cn/LAS/publish/queryPublishSignatory.action?baseinfoId=4d4b9f29639c4f07b4331c799480d121,机械工业仪器仪表综合技术研究所安全中心,2018/03/05 - 2024/04/12
29,https://las.cnas.org.cn/LAS/publish/queryPublishSignatory.action?baseinfoId=f1c345eb3a174c7c8a330cc35471da28,教育部教育管理信息中心教育信息安全等级保护测评中心,2018/03/28 - 2024/03/27
30,https://las.cnas.org.cn/LAS/publish/queryPublishSignatory.action?baseinfoId=a244d82f2d804461bce5f9128b679744,国家信息中心电子政务信息安全等级保护测评中心,2018/03/28 - 2024/03/27
31,https://las.cnas.org.cn/LAS/publish/queryPublishSignatory.action?baseinfoId=ad4687f6f5744eb381eca58fd7129197,中国船级社质量认证公司,2018/03/22 - 2024/03/21
32,https://las.cnas.org.cn/LAS/publish/queryPublishSignatory.action?baseinfoId=b86247b4365e4f0f98a1361fcf25dda5,奥来国信（北京）检测技术有限责任公司,2018/03/21 - 2024/03/20
33,https://las.cnas.org.cn/LAS/publish/queryPublishSignatory.action?baseinfoId=f25d1585970f44c39b0927cf035d1d78,北京地铁科技发展有限公司信息安全测评中心,2018/03/14 - 2024/03/13
34,https://las.cnas.org.cn/LAS/publish/queryPublishSignatory.action?baseinfoId=db03a0b6883a488c8f05c8a33b8ff0db,北京新国信软件评测技术有限公司,2018/02/05 - 2024/02/14
35,https://las.cnas.org.cn/LAS/publish/queryPublishSignatory.action?baseinfoId=91560dfe94994244b7bb2a4734a1a29f,国质（北京）建设工程检测鉴定中心,2018/01/15 - 2024/02/14
36,https://las.cnas.org.cn/LAS/publish/queryPublishSignatory.action?baseinfoId=8cf7eb446f0a4657bfa76cae04c8eca8,民航局空管局技术中心空管设备检验中心,2018/02/12 - 2024/02/11
37,https://las.cnas.org.cn/LAS/publish/queryPublishSignatory.action?baseinfoId=0b2863498a05488d98731e2602bc9e8d,中国建筑科学研究院有限公司,2018/01/15 - 2024/02/10
38,https://las.cnas.org.cn/LAS/publish/queryPublishSignatory.action?baseinfoId=f15d7dcbc0e34e7182bd31123fc0acf5,北京卓识网安技术股份有限公司,2018/02/02 - 2024/02/01
39,https://las.cnas.org.cn/LAS/publish/queryPublishSignatory.action?baseinfoId=57158b951f1243698141b30674e13d4b,中电投工程研究检测评定中心有限公司,2017/12/25 - 2024/01/12
40,https://las.cnas.org.cn/LAS/publish/queryPublishSignatory.action?baseinfoId=8af0a35d2bde4e17bae44eb26cd90989,联通系统集成有限公司信息安全测评中心,2017/12/28 - 2023/12/27
41,https://las.cnas.org.cn/LAS/publish/queryPublishSignatory.action?baseinfoId=ac8b3ee1552048b88bc16d6532c128b0,中国金融电子化公司测评中心,2017/12/18 - 2023/12/22
42,https://las.cnas.org.cn/LAS/publish/queryPublishSignatory.action?baseinfoId=cedb6719a59c435d8e21c3fa948fa1b0,北京软件产品质量检测检验中心,2017/10/27 - 2023/12/22
43,https://las.cnas.org.cn/LAS/publish/queryPublishSignatory.action?baseinfoId=ef2394599e824d74a885e23b02f5d680,中国安全生产科学研究院,2017/10/16 - 2023/11/23
44,https://las.cnas.org.cn/LAS/publish/queryPublishSignatory.action?baseinfoId=835d672a818742c6aed14f7d42490a76,商务部流通产业促进中心实验室,2017/11/22 - 2023/11/21
45,https://las.cnas.org.cn/LAS/publish/queryPublishSignatory.action?baseinfoId=89994eca7716429eaed13697e4fa8281,国家信息技术安全研究中心信息安全特种技术检测实验室,2017/11/13 - 2023/11/16
46,https://las.cnas.org.cn/LAS/publish/queryPublishSignatory.action?baseinfoId=912db664bbec4769bf97e332f14f418e,中冶建筑研究总院有限公司建筑钢材检测中心,2017/10/25 - 2023/10/28
47,https://las.cnas.org.cn/LAS/publish/queryPublishSignatory.action?baseinfoId=0344da2e205c43e69a60e431f943d516,谱尼测试集团股份有限公司,2017/08/09 - 2023/10/13
48,https://las.cnas.org.cn/LAS/publish/queryPublishSignatory.action?baseinfoId=8d4f0f6cf2ae4ea0baacd3a5914bded1,北京市建设工程质量第三检测所有限责任公司,2017/09/29 - 2023/09/28
49,https://las.cnas.org.cn/LAS/publish/queryPublishSignatory.action?baseinfoId=e401498f683f48eeaadc27c4987c72e5,北京市建设工程质量第二检测所有限公司,2017/08/21 - 2023/09/21
50,https://las.cnas.org.cn/LAS/publish/queryPublishSignatory.action?baseinfoId=93ed753049b9459f98c3a0efe7fe64d1,北京市建设工程质量第一检测所有限责任公司,2017/08/21 - 2023/09/14
51,https://las.cnas.org.cn/LAS/publish/queryPublishSignatory.action?baseinfoId=5075a18da3ea4498a93a39a0ea86caa3,北京信诺递捷运输咨询有限公司,2017/09/11 - 2023/09/10
52,https://las.cnas.org.cn/LAS/publish/queryPublishSignatory.action?baseinfoId=11c36cffdae24e1ab3c2e334ff81bdb5,国家体育总局体育科学研究所体育服务检验中心,2017/08/25 - 2023/08/24
53,https://las.cnas.org.cn/LAS/publish/queryPublishSignatory.action?baseinfoId=7eb1b48dfdff476dbbfb2c883d396419,中国检验认证集团检验有限公司,2017/08/14 - 2023/07/24
54,https://las.cnas.org.cn/LAS/publish/queryPublishSignatory.action?baseinfoId=2162f9abe3c94fffb5d0600430e4c55f,中国检验认证集团检验有限公司-中国检验认证集团北京有限公司,2017/08/07 - 2023/07/24
55,https://las.cnas.org.cn/LAS/publish/queryPublishSignatory.action?baseinfoId=81175013cf6e4b13b6e84b9fc9c95b9f,北京圣涛平试验工程技术研究院有限责任公司,2017/08/02 - 2023/08/01
56,https://las.cnas.org.cn/LAS/publish/queryPublishSignatory.action?baseinfoId=da00006863c747d58d39ed59b2d220c7,中国信息安全测评中心信息安全实验室,2017/07/10 - 2023/07/09
57,https://las.cnas.org.cn/LAS/publish/queryPublishSignatory.action?baseinfoId=3e6538ce6051445fb225f204cc8e688b,国家安全生产监督管理总局通信信息中心信息技术实验室,2017/07/03 - 2023/07/02
58,https://las.cnas.org.cn/LAS/publish/queryPublishSignatory.action?baseinfoId=db9a921557674f638e9dd9db0f7dc02f,北京市雷闪防雷设施检测服务中心,2017/06/16 - 2023/06/15
59,https://las.cnas.org.cn/LAS/publish/queryPublishSignatory.action?baseinfoId=16e66208106a44c5bf782ef00274cd97,北京市特种设备检测中心,2017/05/26 - 2023/05/25
60,https://las.cnas.org.cn/LAS/publish/queryPublishSignatory.action?baseinfoId=53adbcd149364b108ff6883cbd385528,中国建筑设计研究院住宅实验室,2017/05/22 - 2023/05/21
61,https://las.cnas.org.cn/LAS/publish/queryPublishSignatory.action?baseinfoId=98f11e31eb4f42efa04eb44d45b3369f,北京康桥隆盛工程检测有限责任公司,2017/05/05 - 2023/05/04
62,https://las.cnas.org.cn/LAS/publish/queryPublishSignatory.action?baseinfoId=7c3b220898ec42c1be3f728975126ec3,北京新开埠货物检测技术服务有限公司,2017/05/02 - 2023/05/01
63,https://las.cnas.org.cn/LAS/publish/queryPublishSignatory.action?baseinfoId=d4fc98d6587b4225876a94ee4ed06830,北京市电子产品质量检测中心,2017/03/20 - 2023/03/19
64,https://las.cnas.org.cn/LAS/publish/queryPublishSignatory.action?baseinfoId=177f25d15f5448fb95701620014376d2,中金金融认证中心有限公司,2017/03/09 - 2023/03/18
65,https://las.cnas.org.cn/LAS/publish/queryPublishSignatory.action?baseinfoId=c8fb513a6be14f9fa0a9d848548a663a,华信正平（北京）评测技术有限公司,2017/03/03 - 2023/03/02
66,https://las.cnas.org.cn/LAS/publish/queryPublishSignatory.action?baseinfoId=cc79c7063ba14d19951a5636e8e6220f,中冶建筑研究总院有限公司,2017/01/03 - 2023/01/26
67,https://las.cnas.org.cn/LAS/publish/queryPublishSignatory.action?baseinfoId=54005b54a506487a8c471ebf4bf6ea67,煤炭科学技术研究院有限公司检测中心,2017/01/23 - 2023/01/22
68,https://las.cnas.org.cn/LAS/publish/queryPublishSignatory.action?baseinfoId=90d034cfce5a4146ad419b31759b1a08,新兴职业装备生产技术研究所军需/应急产品检测中心,2017/01/23 - 2023/01/22
69,https://las.cnas.org.cn/LAS/publish/queryPublishSignatory.action?baseinfoId=e28b8e44816f4377838deb008b479fa0,北京市建设工程质量第六检测所有限公司,2016/12/20 - 2023/01/20
70,https://las.cnas.org.cn/LAS/publish/queryPublishSignatory.action?baseinfoId=c14c5d1ee067415db437dad35d58ff77,中交一公局土木工程建筑研究院有限公司,2017/01/17 - 2023/01/16
71,https://las.cnas.org.cn/LAS/publish/queryPublishSignatory.action?baseinfoId=a1131b57954e4f0e846dad2e3349bf79,北京华夏力鸿商品检验有限公司,2017/01/03 - 2023/01/16
72,https://las.cnas.org.cn/LAS/publish/queryPublishSignatory.action?baseinfoId=610820b1cf5c469884d70c7cc76fd28a,公安部第一研究所安全与警用电子产品质量检测中心,2017/03/02 - 2022/12/30
73,https://las.cnas.org.cn/LAS/publish/queryPublishSignatory.action?baseinfoId=bd8dc399740a4cef9f25040c57e12ed9,中国质量认证中心,2016/12/15 - 2022/12/14
74,https://las.cnas.org.cn/LAS/publish/queryPublishSignatory.action?baseinfoId=3b3d205c264448d9b0819828f8cfa43b,北京鉴衡认证中心有限公司,2016/12/12 - 2022/12/11
75,https://las.cnas.org.cn/LAS/publish/queryPublishSignatory.action?baseinfoId=c9122e0a37204d05ad93976fdc4e6a37,华信技术检验有限公司,2016/11/21 - 2022/11/20
76,https://las.cnas.org.cn/LAS/publish/queryPublishSignatory.action?baseinfoId=d183f43f65e9402ca98015f5b9fe2d99,华北计算技术研究所计算机测评中心,2016/11/14 - 2022/11/15
77,https://las.cnas.org.cn/LAS/publish/queryPublishSignatory.action?baseinfoId=3d1efc8d1b174cca85b1da0263da0bd2,北京三茂建筑工程检测鉴定有限公司,2016/11/07 - 2022/11/15
78,https://las.cnas.org.cn/LAS/publish/queryPublishSignatory.action?baseinfoId=f940e3a56f0b4c248a71f70f8878fbc4,国网思极检测技术（北京）有限公司信息安全实验室,2016/11/14 - 2022/11/13
79,https://las.cnas.org.cn/LAS/publish/queryPublishSignatory.action?baseinfoId=76edaeec8f37496dbe356058567d4b68,北京建筑材料检验研究院有限公司,2016/11/07 - 2022/11/06
80,https://las.cnas.org.cn/LAS/publish/queryPublishSignatory.action?baseinfoId=8473450679614547ab753541f52e914c,北京市建筑工程研究院有限责任公司工程咨询中心,2016/10/18 - 2022/10/17
81,https://las.cnas.org.cn/LAS/publish/queryPublishSignatory.action?baseinfoId=a6d7c80428304fcfa10819fa2712a19f,中国铁道科学研究院集团有限公司高速铁路系统试验国家工程实验室,2016/09/05 - 2022/09/20
82,https://las.cnas.org.cn/LAS/publish/queryPublishSignatory.action?baseinfoId=631b91a294d9477a8f059d0355f5430a,中国软件评测中心,2016/09/02 - 2022/09/01
83,https://las.cnas.org.cn/LAS/publish/queryPublishSignatory.action?baseinfoId=72839c9386cd4e148e5e2a73f160d1bc,中国网络安全审查技术与认证中心,2016/08/30 - 2022/08/29
84,https://las.cnas.org.cn/LAS/publish/queryPublishSignatory.action?baseinfoId=e77290ad909448e193bd76093e71443d,中国建筑科学研究院有限公司建筑能源与环境检测中心,2016/07/31 - 2022/07/30
85,https://las.cnas.org.cn/LAS/publish/queryPublishSignatory.action?baseinfoId=4155da69cf1446439b8a3ca194c43e68,中震（北京）工程检测股份有限公司,2016/07/04 - 2022/07/03
86,https://las.cnas.org.cn/LAS/publish/queryPublishSignatory.action?baseinfoId=ae19ad2d4313411f8b1ec41b60b03267,北京中企卓创科技发展有限公司,2016/06/21 - 2022/06/20
87,https://las.cnas.org.cn/LAS/publish/queryPublishSignatory.action?baseinfoId=c62252eade8943ffa9b8ac2dc7143589,交科院检测技术（北京）有限公司,2016/06/21 - 2022/06/20
88,https://las.cnas.org.cn/LAS/publish/queryPublishSignatory.action?baseinfoId=e9deca8f03eb413a910b275940f51daf,中理检验有限公司,2016/06/06 - 2022/06/05
89,https://las.cnas.org.cn/LAS/publish/queryPublishSignatory.action?baseinfoId=4b354d01fb3341f9b077741135ab90c1,中铁检验认证中心有限公司,2016/05/31 - 2022/05/30
90,https://las.cnas.org.cn/LAS/publish/queryPublishSignatory.action?baseinfoId=54c8f15a130e4d2dba4c69eab2bf56ae,中国电力科学研究院有限公司,2016/05/23 - 2022/05/22
91,https://las.cnas.org.cn/LAS/publish/queryPublishSignatory.action?baseinfoId=b6916d2180f94e17bedebf2b60ab1446,中国建材检验认证集团股份有限公司,2016/05/09 - 2022/05/08
92,https://las.cnas.org.cn/LAS/publish/queryPublishSignatory.action?baseinfoId=73fc3f97c8b44a58acb8be72933767b7,天津出入境检验检疫局工业产品安全技术中心,2019/01/30 - 2025/01/29
93,https://las.cnas.org.cn/LAS/publish/queryPublishSignatory.action?baseinfoId=e76a98262be7446f9cbeceb18e4b94b3,天津津检危险品技术有限公司,2019/01/17 - 2025/01/16
94,https://las.cnas.org.cn/LAS/publish/queryPublishSignatory.action?baseinfoId=96d98ad3a9ba468daa35645c0abb5466,天津市贰拾壹站检测技术有限公司,2018/12/19 - 2024/12/18
95,https://las.cnas.org.cn/LAS/publish/queryPublishSignatory.action?baseinfoId=b92f01c3d3e147d497d92e215730f15f,天津市兴先道科技有限公司安全响应中心,2018/11/05 - 2024/12/10
96,https://las.cnas.org.cn/LAS/publish/queryPublishSignatory.action?baseinfoId=6fa3f397d0aa436f9f9020e2986d5066,天津建质建设工程检测试验有限公司,2018/09/19 - 2024/09/18
97,https://las.cnas.org.cn/LAS/publish/queryPublishSignatory.action?baseinfoId=5bb42df2fd1946bc970b953abbbc5701,天津思孚特商品检验鉴定有限公司,2018/09/13 - 2024/09/12
98,https://las.cnas.org.cn/LAS/publish/queryPublishSignatory.action?baseinfoId=9024e548478d45e69d0e5824b8cf4933,中海油安全技术服务有限公司天津检测技术分公司,2018/07/20 - 2024/07/19
99,https://las.cnas.org.cn/LAS/publish/queryPublishSignatory.action?baseinfoId=748d4379822146659f850fa5b5ac93a1,天津天浩机动车检测服务有限公司,2018/06/28 - 2024/06/27
100,https://las.cnas.org.cn/LAS/publish/queryPublishSignatory.action?baseinfoId=f2855d97d4f74f96a70588b4d0ca06b0,天津天鑫机动车检测服务有限公司,2018/05/28 - 2024/05/27
101,https://las.cnas.org.cn/LAS/publish/queryPublishSignatory.action?baseinfoId=bc95b347b1c641479a9f1903d7de240a,天津天检汽车检测服务有限公司,2018/04/09 - 2024/04/08
102,https://las.cnas.org.cn/LAS/publish/queryPublishSignatory.action?baseinfoId=7dee6f922e72428286981a14250f33f0,天津联鉴建筑质量鉴定检测有限公司,2018/03/22 - 2024/03/21
103,https://las.cnas.org.cn/LAS/publish/queryPublishSignatory.action?baseinfoId=ef31ccec3c0944a1806687c7b29700ef,天津信兴检测技术有限公司,2018/03/05 - 2024/03/04
104,https://las.cnas.org.cn/LAS/publish/queryPublishSignatory.action?baseinfoId=0e7c722214c448728eb80121221f4ba2,国家消防工程技术研究中心,2018/02/27 - 2024/02/26
105,https://las.cnas.org.cn/LAS/publish/queryPublishSignatory.action?baseinfoId=9ad3f4a297da41eeb8ab37c7a3087e12,仕宝（天津）技术检测有限公司,2018/02/12 - 2024/02/11
106,https://las.cnas.org.cn/LAS/publish/queryPublishSignatory.action?baseinfoId=2c7cf0b40d6d49c38dba913826a2f876,天津建科建筑节能环境检测有限公司,2018/01/19 - 2024/01/18
107,https://las.cnas.org.cn/LAS/publish/queryPublishSignatory.action?baseinfoId=47d72dcb67fe4d83b338e1e7e30a3725,天津达驰认证技术服务有限公司,2017/12/21 - 2023/12/20
108,https://las.cnas.org.cn/LAS/publish/queryPublishSignatory.action?baseinfoId=ce04f321edc8480882abe7beb24440e4,天津津贝尔建筑工程试验检测技术有限公司,2017/11/13 - 2023/11/12
109,https://las.cnas.org.cn/LAS/publish/queryPublishSignatory.action?baseinfoId=608b67c3b0554cdfa02e9c731956d99b,天津口岸检测分析开发服务有限公司,2017/10/20 - 2023/10/19
110,https://las.cnas.org.cn/LAS/publish/queryPublishSignatory.action?baseinfoId=aa31592af37c414eae7fdde30c3b78d6,天津市建筑工程质量检测中心有限公司,2017/08/25 - 2023/08/24
111,https://las.cnas.org.cn/LAS/publish/queryPublishSignatory.action?baseinfoId=9874efa242104614adbde9cf95148e87,中国检验认证集团检验有限公司－中国检验认证集团天津有限公司,2017/08/07 - 2023/07/24
112,https://las.cnas.org.cn/LAS/publish/queryPublishSignatory.action?baseinfoId=f27a59e402234da1aa237bef017f36fb,中海油天津化工研究设计院有限公司防爆电气产品检验实验室,2017/05/22 - 2023/07/27
113,https://las.cnas.org.cn/LAS/publish/queryPublishSignatory.action?baseinfoId=69f287f8f198477aa1d7a57ec61d9598,天津出入境检验检疫局化矿金属材料检测中心,2017/02/23 - 2023/02/22
114,https://las.cnas.org.cn/LAS/publish/queryPublishSignatory.action?baseinfoId=2d379afd826849e896e94a43cffbef79,通标标准技术服务（天津）有限公司,2016/12/20 - 2023/02/10
115,https://las.cnas.org.cn/LAS/publish/queryPublishSignatory.action?baseinfoId=6a076b5df5904df9b5634ea011207441,天津市房屋质量安全鉴定检测中心有限公司,2016/09/26 - 2022/09/25
116,https://las.cnas.org.cn/LAS/publish/queryPublishSignatory.action?baseinfoId=6c7768f120c9436892bbc45a2a103a6c,天津元旭工程咨询管理有限公司,2016/08/22 - 2022/08/21
117,https://las.cnas.org.cn/LAS/publish/queryPublishSignatory.action?baseinfoId=b2f8182d4c574acebfec30149dfff9f6,天津圣德天工采样技术有限公司,2016/07/18 - 2022/07/17
118,https://las.cnas.org.cn/LAS/publish/queryPublishSignatory.action?baseinfoId=39d50c116a224ffdb73dc68798ff4242,西迪士质量检测技术服务（上海）有限公司,2019/03/04 - 2025/03/03
119,https://las.cnas.org.cn/LAS/publish/queryPublishSignatory.action?baseinfoId=ab850fb7b80340bf8a23ee5f191dad68,上海挪华威认证有限公司,2019/01/21 - 2025/02/27
120,https://las.cnas.org.cn/LAS/publish/queryPublishSignatory.action?baseinfoId=92daa9eb342d4701a13d2a1d1aa0c61c,中瑞检验有限公司上海分公司,2019/01/29 - 2025/01/28
121,https://las.cnas.org.cn/LAS/publish/queryPublishSignatory.action?baseinfoId=1dd371320c0546d796500d9c1ea3c1b5,上海申通轨道交通检测认证有限公司,2019/01/23 - 2025/01/22
122,https://las.cnas.org.cn/LAS/publish/queryPublishSignatory.action?baseinfoId=2091409e565543568712f96e37184b35,上海市质量监督检验技术研究院,2018/12/07 - 2025/01/22
123,https://las.cnas.org.cn/LAS/publish/queryPublishSignatory.action?baseinfoId=f34b7823af1a420a8a93b26175326f02,上海赛孚燃料检测股份有限公司,2018/12/20 - 2025/01/15
124,https://las.cnas.org.cn/LAS/publish/queryPublishSignatory.action?baseinfoId=4d07af19521d40cf9a4397237131ebfd,上海同济检测技术有限公司,2019/01/16 - 2025/01/15
125,https://las.cnas.org.cn/LAS/publish/queryPublishSignatory.action?baseinfoId=8a3260ee8ae94edcbc84afcc6c7d914b,优力胜邦质量检测（上海）有限公司,2018/12/19 - 2024/12/27
126,https://las.cnas.org.cn/LAS/publish/queryPublishSignatory.action?baseinfoId=f690ff5a1bdb4c3185b386b8941c001b,上海煤科检测技术有限公司,2018/12/07 - 2024/12/13
127,https://las.cnas.org.cn/LAS/publish/queryPublishSignatory.action?baseinfoId=bcf271db51444c53992ac07d8181c475,上海英斯贝克商品检验有限公司,2018/11/21 - 2024/12/06
128,https://las.cnas.org.cn/LAS/publish/queryPublishSignatory.action?baseinfoId=0119cdaf103c40dbb0b77b6bc4102ee3,上海众材工程检测有限公司,2018/11/12 - 2024/11/26
129,https://las.cnas.org.cn/LAS/publish/queryPublishSignatory.action?baseinfoId=1d6f701b0b6c463688552e348f7fa23e,上海同纳建设工程质量检测有限公司,2018/11/21 - 2024/11/20
130,https://las.cnas.org.cn/LAS/publish/queryPublishSignatory.action?baseinfoId=e50ee58afb404467ad4867a4b281c20c,上海市建筑科学研究院,2018/09/12 - 2024/10/14
131,https://las.cnas.org.cn/LAS/publish/queryPublishSignatory.action?baseinfoId=8439b4c32fa345e29eec22b6b39754f4,上海派普诺管道检测科技发展有限公司,2018/09/28 - 2024/09/27
132,https://las.cnas.org.cn/LAS/publish/queryPublishSignatory.action?baseinfoId=13d4ec2cdd6b438797b30582ae944ed8,上海临港机动车安全检测站,2018/08/29 - 2024/09/21
133,https://las.cnas.org.cn/LAS/publish/queryPublishSignatory.action?baseinfoId=1512bacf9f644c30abf9101157200762,上海永达机动车安全检测中心有限公司,2018/08/22 - 2024/09/16
134,https://las.cnas.org.cn/LAS/publish/queryPublishSignatory.action?baseinfoId=975f0f7776d94b61a2dda26f8c1cfdb0,奥煌检测技术服务(上海)有限公司,2018/08/30 - 2024/08/29
135,https://las.cnas.org.cn/LAS/publish/queryPublishSignatory.action?baseinfoId=cd6fe1f0570241fca36913ffe195511e,上海建科检验有限公司,2018/07/13 - 2024/08/29
136,https://las.cnas.org.cn/LAS/publish/queryPublishSignatory.action?baseinfoId=877fe9dc680c488cb9472218abe5fde8,上海浦东机动车检测维修中心有限公司,2018/08/08 - 2024/08/27
137,https://las.cnas.org.cn/LAS/publish/queryPublishSignatory.action?baseinfoId=712636aa29db49648e0ab6f0bfd2b24c,上海长江东昕实业有限公司,2018/08/08 - 2024/08/25
138,https://las.cnas.org.cn/LAS/publish/queryPublishSignatory.action?baseinfoId=c277440f6c2747e3bae82446a322843e,上海心河信息技术有限公司,2018/08/23 - 2024/08/22
139,https://las.cnas.org.cn/LAS/publish/queryPublishSignatory.action?baseinfoId=92f7c79bd2d7442f865b0304acfd1e65,上海拓芈检测技术服务有限公司,2018/08/17 - 2024/08/16
140,https://las.cnas.org.cn/LAS/publish/queryPublishSignatory.action?baseinfoId=1e6151f633ff47b4bc2f473f723a9d60,谱尼测试集团上海有限公司,2018/08/08 - 2024/08/13
141,https://las.cnas.org.cn/LAS/publish/queryPublishSignatory.action?baseinfoId=315e91e66fdf44668d8909313e9860ca,上海出入境检验检疫局工业品与原材料检测技术中心,2018/07/13 - 2024/07/26
142,https://las.cnas.org.cn/LAS/publish/queryPublishSignatory.action?baseinfoId=8f12e09caa3b4edead22e9dcc3956ef8,上海海通国际汽车物流有限公司机动车检测站,2018/03/27 - 2024/06/25
143,https://las.cnas.org.cn/LAS/publish/queryPublishSignatory.action?baseinfoId=1116bf65284440f6b3840cd8faa32f04,上海欧巡进出口商品检验鉴定有限公司,2018/06/15 - 2024/06/14
144,https://las.cnas.org.cn/LAS/publish/queryPublishSignatory.action?baseinfoId=62750d89c9f04588a33120c3f71582b9,绿州检验有限公司,2018/05/28 - 2024/05/27
145,https://las.cnas.org.cn/LAS/publish/queryPublishSignatory.action?baseinfoId=468f8a43665c420e903853fa10577d8d,上海轨道交通检测技术有限公司,2018/05/28 - 2024/05/27
146,https://las.cnas.org.cn/LAS/publish/queryPublishSignatory.action?baseinfoId=31ac7ae7eeb14c99b845665de5807be4,赛世（上海）供应链管理股份有限公司质量检验中心,2018/05/22 - 2024/05/21
147,https://las.cnas.org.cn/LAS/publish/queryPublishSignatory.action?baseinfoId=e1e5ec94856647bea098f5ea162e1f82,上海闵衡建筑检测研究所有限公司,2018/04/24 - 2024/04/23
148,https://las.cnas.org.cn/LAS/publish/queryPublishSignatory.action?baseinfoId=41d4a11208af491c84efcf12999e779b,上海东方公估行,2018/03/29 - 2024/03/28
149,https://las.cnas.org.cn/LAS/publish/queryPublishSignatory.action?baseinfoId=889858e48f7f4419bbef631b754a2568,上海电器设备检测所有限公司,2018/03/27 - 2024/03/26
150,https://las.cnas.org.cn/LAS/publish/queryPublishSignatory.action?baseinfoId=bc8d92b8fe67490f8d5cf61c363884af,上海中测行工程检测咨询有限公司,2018/03/14 - 2024/03/13
151,https://las.cnas.org.cn/LAS/publish/queryPublishSignatory.action?baseinfoId=8d2ae8e78d3441ecbfcb08c06547d563,上海市计量测试技术研究院（华东国家计量测试中心/中国上海测试中心）,2017/12/18 - 2024/02/12
152,https://las.cnas.org.cn/LAS/publish/queryPublishSignatory.action?baseinfoId=83b730701bce4a7d9870f15e79624981,必维质量技术服务（上海）有限公司,2018/02/11 - 2024/02/10
153,https://las.cnas.org.cn/LAS/publish/queryPublishSignatory.action?baseinfoId=96be27212a344a36aa905b5e03f64f7f,上海市信息安全测评认证中心,2018/01/26 - 2024/01/25
154,https://las.cnas.org.cn/LAS/publish/queryPublishSignatory.action?baseinfoId=e2cce3c1f4404140a316e1ea505cd73f,上海浦公检测技术股份有限公司,2018/01/16 - 2024/01/15
155,https://las.cnas.org.cn/LAS/publish/queryPublishSignatory.action?baseinfoId=a9948380bd5e4161b042ab786c9f6e91,上海东方天祥检验服务有限公司,2017/12/29 - 2023/12/28
156,https://las.cnas.org.cn/LAS/publish/queryPublishSignatory.action?baseinfoId=7a3b0c3c4947429292ef90abd1f4bda3,上海理工机电检测技术研究院,2017/12/20 - 2023/12/24
157,https://las.cnas.org.cn/LAS/publish/queryPublishSignatory.action?baseinfoId=f1db12f23aeb4f429b9d17ff8d924fa5,上海蓝海科创检测有限公司,2017/12/18 - 2023/12/17
158,https://las.cnas.org.cn/LAS/publish/queryPublishSignatory.action?baseinfoId=59346231f1c84c99b934016c06679bdf,上海众合检测应用技术研究所有限公司,2017/10/24 - 2023/10/28
159,https://las.cnas.org.cn/LAS/publish/queryPublishSignatory.action?baseinfoId=599130e782ec4c94bb126024af042ee7,巍德谊产品检测技术（上海）有限公司,2017/10/20 - 2023/10/19
160,https://las.cnas.org.cn/LAS/publish/queryPublishSignatory.action?baseinfoId=6c1b77da58ef4d57827e397c8b57cc41,上海苏科建筑技术发展有限公司,2017/10/20 - 2023/10/19
161,https://las.cnas.org.cn/LAS/publish/queryPublishSignatory.action?baseinfoId=43c6242713b34d5fba74751c617d055e,上海计算机软件技术开发中心,2017/09/18 - 2023/09/17
162,https://las.cnas.org.cn/LAS/publish/queryPublishSignatory.action?baseinfoId=6e2b63e3e73042f8aa02f9ac98ceece7,上海德方环保科技有限公司,2017/09/07 - 2023/09/06
163,https://las.cnas.org.cn/LAS/publish/queryPublishSignatory.action?baseinfoId=380e65da640443e89bbdd0e61ddb0430,上海市特种设备监督检验技术研究院,2017/09/06 - 2023/09/05
164,https://las.cnas.org.cn/LAS/publish/queryPublishSignatory.action?baseinfoId=86444ba85ea94358badab09544c22daf,中认尚动（上海）检测技术有限公司,2017/08/30 - 2023/08/29
165,https://las.cnas.org.cn/LAS/publish/queryPublishSignatory.action?baseinfoId=3f996ccc272145389c28c96480024b11,中国检验认证集团检验有限公司-中国检验认证集团上海有限公司,2017/05/31 - 2023/07/24
166,https://las.cnas.org.cn/LAS/publish/queryPublishSignatory.action?baseinfoId=a1d9905c84084d6a96ee92e2fc3e3c49,上海化工院检测有限公司,2017/04/17 - 2023/04/29
167,https://las.cnas.org.cn/LAS/publish/queryPublishSignatory.action?baseinfoId=2b0c1135f9bf4b69b8e4aafb018547f7,上海启观信息科技有限公司,2017/04/17 - 2023/04/16
168,https://las.cnas.org.cn/LAS/publish/queryPublishSignatory.action?baseinfoId=4dd30103760c4baeb15a44d38ce1f118,上海莱巍爵供应链管理有限公司,2017/04/06 - 2023/04/05
169,https://las.cnas.org.cn/LAS/publish/queryPublishSignatory.action?baseinfoId=8ef84ced290241fd910ea6a085b2f083,英格尔检测技术服务（上海）有限公司,2017/04/05 - 2023/04/04
170,https://las.cnas.org.cn/LAS/publish/queryPublishSignatory.action?baseinfoId=e94c20deb727492894a192bb49fad263,上海东途检验技术服务有限公司,2017/03/23 - 2023/03/22
171,https://las.cnas.org.cn/LAS/publish/queryPublishSignatory.action?baseinfoId=6cb1477cb383440d8f9efb6996c3df48,公安部第三研究所安全防范与信息安全产品及系统检验实验室,2017/02/06 - 2023/02/09
172,https://las.cnas.org.cn/LAS/publish/queryPublishSignatory.action?baseinfoId=8c0e017252914cc1b965964d6282b7f9,上海房屋质量检测站,2017/01/03 - 2023/02/09
173,https://las.cnas.org.cn/LAS/publish/queryPublishSignatory.action?baseinfoId=a16de89c4bf2454fb079f6b0226e772b,德劳工业服务（上海）有限公司,2017/01/22 - 2023/01/21
174,https://las.cnas.org.cn/LAS/publish/queryPublishSignatory.action?baseinfoId=ce4e26108864469b9e16b1612cf032f2,通标标准技术服务（上海）有限公司,2017/01/17 - 2023/02/10
175,https://las.cnas.org.cn/LAS/publish/queryPublishSignatory.action?baseinfoId=7a655bd02d0343abaa1ac4f90b6305d2,上海同标质量检测技术有限公司,2016/12/25 - 2022/12/24
176,https://las.cnas.org.cn/LAS/publish/queryPublishSignatory.action?baseinfoId=c155b2f5f6b04149994e666f9aad8094,莱茵技术（上海）有限公司,2016/12/20 - 2022/12/19
177,https://las.cnas.org.cn/LAS/publish/queryPublishSignatory.action?baseinfoId=d89db68c95844d79abf91fb3fd50b93b,上海丰铭船舶技术服务有限公司,2016/11/29 - 2022/11/28
178,https://las.cnas.org.cn/LAS/publish/queryPublishSignatory.action?baseinfoId=af4c1b2f624c4f2e931515bfda9c36b5,上海祥进商品检测技术有限公司,2016/11/29 - 2022/11/28
179,https://las.cnas.org.cn/LAS/publish/queryPublishSignatory.action?baseinfoId=1d581ff5454f43289f24f93d609a79d5,必维欧亚电气技术咨询服务（上海）有限公司,2016/09/29 - 2022/09/28
180,https://las.cnas.org.cn/LAS/publish/queryPublishSignatory.action?baseinfoId=2104e8eea78c450e86b1259b118c2f3f,上海埃比埃斯技术检验有限公司,2016/09/26 - 2022/09/25
181,https://las.cnas.org.cn/LAS/publish/queryPublishSignatory.action?baseinfoId=9e7a46d55ab9475fb9863e0fe61094ed,上海国缆检测中心有限公司,2016/09/10 - 2022/09/09
182,https://las.cnas.org.cn/LAS/publish/queryPublishSignatory.action?baseinfoId=10c0c732cd594f0c8d7c41b8b5003a6f,上海天祥质量技术服务有限公司,2016/08/03 - 2022/08/02
183,https://las.cnas.org.cn/LAS/publish/queryPublishSignatory.action?baseinfoId=21cc7827e8f049b998838357a23dd197,齐芬（上海）标准技术服务有限公司,2016/06/28 - 2022/06/27
184,https://las.cnas.org.cn/LAS/publish/queryPublishSignatory.action?baseinfoId=10229011bbf34a949378aed61c41279d,上海材料研究所机械工业无损检测中心,2016/06/20 - 2022/06/19
185,https://las.cnas.org.cn/LAS/publish/queryPublishSignatory.action?baseinfoId=d9c2c3e70a3a4913bc9d1386d7685463,机械工业上海蓝亚石化设备检测所有限公司,2016/06/14 - 2022/06/13
186,https://las.cnas.org.cn/LAS/publish/queryPublishSignatory.action?baseinfoId=52d84b536b754b0285b4dca39767d291,上海工业锅炉研究所有限公司机械工业锅炉及环保产品质量监督检测中心,2016/06/06 - 2022/06/05
187,https://las.cnas.org.cn/LAS/publish/queryPublishSignatory.action?baseinfoId=beacdf37d04e468a8f153d7e9effced0,上海中储材料检验有限公司,2016/05/20 - 2022/05/19
188,https://las.cnas.org.cn/LAS/publish/queryPublishSignatory.action?baseinfoId=7dae54bf246e4d5bbf12037d68da1037,上海仪器仪表自控系统检验测试所有限公司,2016/04/14 - 2022/04/13
189,https://las.cnas.org.cn/LAS/publish/queryPublishSignatory.action?baseinfoId=37407b7a7e284ece805e2f22c92bf051,重庆仕益产品质量检测有限责任公司,2018/09/28 - 2024/09/27
190,https://las.cnas.org.cn/LAS/publish/queryPublishSignatory.action?baseinfoId=7c94a0c198c34011a0e9dd08dcde215a,重庆市特种设备检测研究院,2018/01/05 - 2024/03/26
191,https://las.cnas.org.cn/LAS/publish/queryPublishSignatory.action?baseinfoId=a3a1ea042309445dab688567d50dcb46,招商局重庆交通科研设计院有限公司公路工程检测中心,2018/03/12 - 2024/03/11
192,https://las.cnas.org.cn/LAS/publish/queryPublishSignatory.action?baseinfoId=30a557e881624aceb45dc5066d07f2ff,重庆市计量质量检测研究院,2017/07/12 - 2023/08/05
193,https://las.cnas.org.cn/LAS/publish/queryPublishSignatory.action?baseinfoId=f43fc51c374f431594376f790c640db9,中国检验认证集团检验有限公司-中国检验认证集团重庆有限公司,2017/06/19 - 2023/07/24
194,https://las.cnas.org.cn/LAS/publish/queryPublishSignatory.action?baseinfoId=81e08d6ce2b145c7a4535574ac6fe0d3,重庆消防安全技术研究服务有限责任公司,2016/03/11 - 2022/03/10
195,https://las.cnas.org.cn/LAS/publish/queryPublishSignatory.action?baseinfoId=7fc669b3c13f4ac693e4994f61bd5b13,河北雄安绿研检验认证有限公司,2019/02/25 - 2025/02/24
196,https://las.cnas.org.cn/LAS/publish/queryPublishSignatory.action?baseinfoId=8665aaaa3d924d46958c9217f53d2acf,河北德创检测服务有限公司,2019/02/20 - 2025/02/19
197,https://las.cnas.org.cn/LAS/publish/queryPublishSignatory.action?baseinfoId=c782dcdeec684bdeb6fbb964da296781,中国民航科学技术研究院民用无人机检验中心,2019/01/30 - 2025/01/29
198,https://las.cnas.org.cn/LAS/publish/queryPublishSignatory.action?baseinfoId=689a2d6b239c4d358f5dcfe725aee0e0,河北乾翔检测技术服务有限公司,2018/10/24 - 2024/10/23
199,https://las.cnas.org.cn/LAS/publish/queryPublishSignatory.action?baseinfoId=e7e9bbe80a974510b4b619dcfc34b770,唐山港中检检测有限公司,2018/09/28 - 2024/09/27
200,https://las.cnas.org.cn/LAS/publish/queryPublishSignatory.action?baseinfoId=8bac52fb094447aa8748f4adbe20f75b,河北翎贺计算机信息技术有限公司,2018/09/19 - 2024/09/18
201,https://las.cnas.org.cn/LAS/publish/queryPublishSignatory.action?baseinfoId=a43897c59770463d95732feafe42cfeb,河北省信息安全测评中心,2018/07/02 - 2024/07/01
202,https://las.cnas.org.cn/LAS/publish/queryPublishSignatory.action?baseinfoId=eff9e32ef2404d42a744679de35f37ae,河北省产品质量监督检验研究院,2018/03/19 - 2024/06/05
203,https://las.cnas.org.cn/LAS/publish/queryPublishSignatory.action?baseinfoId=de3bd7590bf34ecaaa5fbfa997d648fe,河北赛克普泰计算机咨询服务有限公司,2018/03/28 - 2024/03/27
204,https://las.cnas.org.cn/LAS/publish/queryPublishSignatory.action?baseinfoId=065933f1e58440bdb007bb67f2ca72c0,新疆维吾尔自治区特种设备检验研究院,2018/01/15 - 2024/02/01
205,https://las.cnas.org.cn/LAS/publish/queryPublishSignatory.action?baseinfoId=92bae6b42e94481fbb00e5546f0d70c9,河北恒讯达信息科技有限公司,2017/10/20 - 2023/10/19
206,https://las.cnas.org.cn/LAS/publish/queryPublishSignatory.action?baseinfoId=edb2abaf65184aaaadeafc7d474d985f,河北省特种设备监督检验研究院,2017/09/29 - 2023/09/28
207,https://las.cnas.org.cn/LAS/publish/queryPublishSignatory.action?baseinfoId=07c893cec5ba4251938c4594ca49e638,中国检验认证集团检验有限公司-中国检验认证集团河北有限公司,2017/08/14 - 2023/07/24
208,https://las.cnas.org.cn/LAS/publish/queryPublishSignatory.action?baseinfoId=cbd128c89448411aa10a9e8a93d0e970,中国检验认证集团检验有限公司-中国检验认证集团秦皇岛有限公司,2017/06/08 - 2023/07/24
209,https://las.cnas.org.cn/LAS/publish/queryPublishSignatory.action?baseinfoId=e87bfc6e65e34206896ce6668f9bdc09,通标标准技术服务有限公司秦皇岛分公司,2016/12/20 - 2023/02/10
210,https://las.cnas.org.cn/LAS/publish/queryPublishSignatory.action?baseinfoId=215f48d416fe493abb58f94c7c4568fa,通标标准技术服务有限公司唐山分公司,2016/12/14 - 2023/02/10
211,https://las.cnas.org.cn/LAS/publish/queryPublishSignatory.action?baseinfoId=8da6365a8a5c4b9bb642e5c6cf845f8b,中国信息安全测评中心山西测评中心,2018/01/26 - 2024/01/25
212,https://las.cnas.org.cn/LAS/publish/queryPublishSignatory.action?baseinfoId=609f9a9bb07a4956b8db50664fa8fb08,太原市建筑工程质量检测站有限公司,2017/09/29 - 2023/09/28
213,https://las.cnas.org.cn/LAS/publish/queryPublishSignatory.action?baseinfoId=514d6e825a5040ae97893491fcfb1952,山西省信息化和信息安全评测中心,2017/09/18 - 2023/09/17
214,https://las.cnas.org.cn/LAS/publish/queryPublishSignatory.action?baseinfoId=f60da54771214d0db70a83339cbd8257,中国检验认证集团检验有限公司-中国检验认证集团山西有限公司,2017/07/26 - 2023/07/24
215,https://las.cnas.org.cn/LAS/publish/queryPublishSignatory.action?baseinfoId=08d38bc56b2d463995adc7746cf2e712,沈阳特种设备检测研究院,2017/05/27 - 2023/05/26
216,https://las.cnas.org.cn/LAS/publish/queryPublishSignatory.action?baseinfoId=0372ad831fd04f77be8b5c41ba3dc566,太原清众鑫科技有限公司,2017/01/03 - 2023/01/02
217,https://las.cnas.org.cn/LAS/publish/queryPublishSignatory.action?baseinfoId=53ef12f326a64be88eaee3b740f6ad2d,辽宁浪潮创新信息技术有限公司,2018/11/08 - 2024/11/07
218,https://las.cnas.org.cn/LAS/publish/queryPublishSignatory.action?baseinfoId=270ef2f9ea79457e8750f58974421000,大连锅炉压力容器检验检测研究院有限公司,2018/08/13 - 2024/08/12
219,https://las.cnas.org.cn/LAS/publish/queryPublishSignatory.action?baseinfoId=976768a9369c4cb0bc8ee6d2661c0dae,大连港明口岸汽车检测有限公司,2018/07/09 - 2024/08/02
220,https://las.cnas.org.cn/LAS/publish/queryPublishSignatory.action?baseinfoId=72f9d5b3043d4a8aac44d2c3af903df5,沈阳赛宝科技服务有限公司,2018/05/25 - 2024/05/31
221,https://las.cnas.org.cn/LAS/publish/queryPublishSignatory.action?baseinfoId=4dc6e35e341746b9b9f2482963cafb48,大连澳美克货物检查有限公司,2018/01/15 - 2024/02/26
222,https://las.cnas.org.cn/LAS/publish/queryPublishSignatory.action?baseinfoId=849abf3571ca418ea8220f214847266a,大连中联检验有限公司,2018/02/12 - 2024/02/12
223,https://las.cnas.org.cn/LAS/publish/queryPublishSignatory.action?baseinfoId=44ab379d3e0d4b289d2937beefeb10ed,大连理工现代工程检测有限公司,2017/08/30 - 2023/09/18
224,https://las.cnas.org.cn/LAS/publish/queryPublishSignatory.action?baseinfoId=d4f11a36e68641aa8203d15cd097674f,中国检验认证集团检验有限公司-中国检验认证集团辽宁有限公司,2017/09/18 - 2023/07/24
225,https://las.cnas.org.cn/LAS/publish/queryPublishSignatory.action?baseinfoId=bd533bf3e955436eac435eace9ec1900,大连市建筑工程质量检测中心有限公司,2017/09/18 - 2023/09/17
226,https://las.cnas.org.cn/LAS/publish/queryPublishSignatory.action?baseinfoId=520ee081442a4cbabb4d7341c2b75474,大连特种设备检验检测研究院有限公司,2017/06/14 - 2023/07/02
227,https://las.cnas.org.cn/LAS/publish/queryPublishSignatory.action?baseinfoId=08d38bc56b2d463995adc7746cf2e712,沈阳特种设备检测研究院,2017/05/27 - 2023/05/26
228,https://las.cnas.org.cn/LAS/publish/queryPublishSignatory.action?baseinfoId=0964fac71bb64a429b204193f0f7065c,通标标准技术服务有限公司大连分公司,2016/12/20 - 2023/02/10
229,https://las.cnas.org.cn/LAS/publish/queryPublishSignatory.action?baseinfoId=a669cb031590416c9d681141d9deb792,通标标准技术服务有限公司营口分公司,2016/12/14 - 2023/02/10
230,https://las.cnas.org.cn/LAS/publish/queryPublishSignatory.action?baseinfoId=106561401c6341b2844bdf99ca8fce09,辽宁北方实验室有限公司,2016/08/08 - 2022/08/07
231,https://las.cnas.org.cn/LAS/publish/queryPublishSignatory.action?baseinfoId=48e1988c63ed486b8dc7381fb99d95e9,辽宁省分析科学研究院,2016/03/25 - 2022/03/24
232,https://las.cnas.org.cn/LAS/publish/queryPublishSignatory.action?baseinfoId=c67cc80529ab4de094743b55b112da56,吉林省宏盛工程检测有限公司,2019/05/08 - 2025/05/07
233,https://las.cnas.org.cn/LAS/publish/queryPublishSignatory.action?baseinfoId=056b0bdf6b8644668b33d02d44002ba3,吉林省华瀚工程检测有限公司,2019/03/13 - 2025/03/12
234,https://las.cnas.org.cn/LAS/publish/queryPublishSignatory.action?baseinfoId=d2209b50da7d4e00b1ab1b718bd56de6,吉林信息安全测评中心,2018/07/20 - 2024/07/19
235,https://las.cnas.org.cn/LAS/publish/queryPublishSignatory.action?baseinfoId=b3410607b8b04a87a83ebf906c5ac745,吉林梦溪工程管理有限公司,2018/03/22 - 2024/03/21
236,https://las.cnas.org.cn/LAS/publish/queryPublishSignatory.action?baseinfoId=57476464e4b14238bb4ed4a765faa91c,中国检验认证集团检验有限公司-中国检验认证集团吉林有限公司,2017/09/22 - 2023/07/24
237,https://las.cnas.org.cn/LAS/publish/queryPublishSignatory.action?baseinfoId=37069264dbb84b6ea0cf39340341f24c,吉林省建筑材料工业设计研究院建筑材料产商品质检站,2017/09/18 - 2023/09/17
238,https://las.cnas.org.cn/LAS/publish/queryPublishSignatory.action?baseinfoId=28ae000bef4c494da2ea7433c8c26c2c,长春市建筑工程质量检测中心,2016/10/11 - 2022/10/28
239,https://las.cnas.org.cn/LAS/publish/queryPublishSignatory.action?baseinfoId=5ff2be9747994dff976a2f19d9700fc3,吉林省建筑工程质量检测中心,2016/08/30 - 2022/08/29
240,https://las.cnas.org.cn/LAS/publish/queryPublishSignatory.action?baseinfoId=3b2dce287d6b4ac0b96b103a4a4bb4d8,中国检验认证集团检验有限公司－中国检验认证集团黑龙江有限公司,2017/09/18 - 2023/07/24
241,https://las.cnas.org.cn/LAS/publish/queryPublishSignatory.action?baseinfoId=9efdbe4279a347ef8d9acfe6dd4ad284,南京东南建设工程安全鉴定有限公司,2019/04/24 - 2025/04/23
242,https://las.cnas.org.cn/LAS/publish/queryPublishSignatory.action?baseinfoId=3c36b2f2ac5b4c58941d878f4acad435,江苏康正生物科技有限公司,2019/04/22 - 2025/04/21
243,https://las.cnas.org.cn/LAS/publish/queryPublishSignatory.action?baseinfoId=0924b090f2cf4e6ba57d79eceaf02487,苏州斯帕克斯机械工程咨询有限公司,2019/02/27 - 2025/02/26
244,https://las.cnas.org.cn/LAS/publish/queryPublishSignatory.action?baseinfoId=718bfec484a54455b9e747584ee93970,通标标准技术服务有限公司南京分公司,2019/02/20 - 2023/02/10
245,https://las.cnas.org.cn/LAS/publish/queryPublishSignatory.action?baseinfoId=1417eedc90c241d9b815a05a51f93b51,苏州热工研究院有限公司检测中心,2019/02/18 - 2025/02/17
246,https://las.cnas.org.cn/LAS/publish/queryPublishSignatory.action?baseinfoId=ad8e41088ca84c1481d27017900b993d,常州华阳检验检测技术有限公司,2019/01/30 - 2025/01/29
247,https://las.cnas.org.cn/LAS/publish/queryPublishSignatory.action?baseinfoId=6977e1434bfc4b5aa674b570bd75f0b5,轻工业化学电源研究所电池认证检测实验室,2019/01/30 - 2025/01/29
248,https://las.cnas.org.cn/LAS/publish/queryPublishSignatory.action?baseinfoId=4fd0871f54394d1da60fd371cde790e7,苏州亚创工程技术有限公司,2019/01/30 - 2025/01/29
249,https://las.cnas.org.cn/LAS/publish/queryPublishSignatory.action?baseinfoId=df82ca9b05ed4e859fd6e2f0e094a139,南京先施质检技术服务有限公司,2019/01/23 - 2025/01/22
250,https://las.cnas.org.cn/LAS/publish/queryPublishSignatory.action?baseinfoId=d3716a603f434cebbd606c7082355d4b,江苏省电子信息产品质量监督检验研究院（江苏省信息安全测评中心）,2019/01/18 - 2025/01/17
251,https://las.cnas.org.cn/LAS/publish/queryPublishSignatory.action?baseinfoId=dc9328485a934a6492fe415d479ba2e3,南德认证检测（中国）有限公司,2019/01/10 - 2025/01/09
252,https://las.cnas.org.cn/LAS/publish/queryPublishSignatory.action?baseinfoId=905711710585448f8df53fda951b42b9,江苏中钢检测有限公司,2019/01/03 - 2025/01/02
253,https://las.cnas.org.cn/LAS/publish/queryPublishSignatory.action?baseinfoId=a9492297b32e4fbc95073fccd89b5cba,公安部交通管理科学研究所交通安全产品质量监督检测中心,2018/12/24 - 2024/12/23
254,https://las.cnas.org.cn/LAS/publish/queryPublishSignatory.action?baseinfoId=de65fae4eb5244ebb76c9bff38000c44,南京工大建设工程技术有限公司,2018/12/19 - 2024/12/18
255,https://las.cnas.org.cn/LAS/publish/queryPublishSignatory.action?baseinfoId=3681c5080358490aa02a6d406849137f,张家港保通汽车检测有限公司,2018/11/30 - 2024/12/13
256,https://las.cnas.org.cn/LAS/publish/queryPublishSignatory.action?baseinfoId=670cb09c008c48a086cefae553885f0c,苏州市计量测试院,2018/11/21 - 2024/11/20
257,https://las.cnas.org.cn/LAS/publish/queryPublishSignatory.action?baseinfoId=dad37bb9c11d493cb19a3ac84db77aa5,江苏房城建设工程质量检测有限公司,2018/10/31 - 2024/10/30
258,https://las.cnas.org.cn/LAS/publish/queryPublishSignatory.action?baseinfoId=c2218c748b7d4786bcbcf03439b50304,化学工业设备质量监督检验中心,2018/10/31 - 2024/10/30
259,https://las.cnas.org.cn/LAS/publish/queryPublishSignatory.action?baseinfoId=daca024b9c0445b5ad9fcc9d5aadcbe9,江苏容大材料腐蚀检验有限公司,2018/10/10 - 2024/10/09
260,https://las.cnas.org.cn/LAS/publish/queryPublishSignatory.action?baseinfoId=211ee664069143faab91ecb3ae1bd9ed,无锡市软测认证有限公司,2018/08/23 - 2024/08/22
261,https://las.cnas.org.cn/LAS/publish/queryPublishSignatory.action?baseinfoId=57786bf568234276bd9c117f4bd0c186,江苏蓝盾消防技术服务有限公司,2018/07/25 - 2024/07/29
262,https://las.cnas.org.cn/LAS/publish/queryPublishSignatory.action?baseinfoId=ac033979730b40b29f022ac039024dce,常州金标轨道交通技术服务有限公司,2018/07/26 - 2024/07/25
263,https://las.cnas.org.cn/LAS/publish/queryPublishSignatory.action?baseinfoId=998bf27b0b9041a38c8582df06445c13,苏州中正工程检测有限公司,2018/07/26 - 2024/07/25
264,https://las.cnas.org.cn/LAS/publish/queryPublishSignatory.action?baseinfoId=5011972094ed42cb89f057c68c2d1e73,徐州市质量技术监督综合检验检测中心,2018/07/20 - 2024/07/19
265,https://las.cnas.org.cn/LAS/publish/queryPublishSignatory.action?baseinfoId=cd7136c055ab4099b57765a15ca4ee89,苏州华碧微科检测技术有限公司,2018/04/20 - 2024/05/25
266,https://las.cnas.org.cn/LAS/publish/queryPublishSignatory.action?baseinfoId=6ffa30ba06d04747826f26a0c611c0c4,南京市特种设备安全监督检验研究院,2018/04/23 - 2024/04/22
267,https://las.cnas.org.cn/LAS/publish/queryPublishSignatory.action?baseinfoId=0f3b1e8398ca4fd9b6e9a9118e2156fd,苏州市建设工程质量检测中心有限公司,2018/04/20 - 2024/04/19
268,https://las.cnas.org.cn/LAS/publish/queryPublishSignatory.action?baseinfoId=64602be6d5dd4309b52aa371e2a38170,江苏中联检验有限公司,2018/04/09 - 2024/04/08
269,https://las.cnas.org.cn/LAS/publish/queryPublishSignatory.action?baseinfoId=c77ac932047a44f9923ae72ee3d70492,南京理工化工材料检测服务有限公司,2018/03/01 - 2024/02/29
270,https://las.cnas.org.cn/LAS/publish/queryPublishSignatory.action?baseinfoId=3733b1cbac7a444d8f1dc5c990d12d01,淮安市建筑工程质量检测中心有限公司,2018/01/30 - 2024/01/29
271,https://las.cnas.org.cn/LAS/publish/queryPublishSignatory.action?baseinfoId=ae679b11b7d94b3e8382a0dd5753c9dd,江苏华夏检验股份有限公司,2018/01/03 - 2024/01/26
272,https://las.cnas.org.cn/LAS/publish/queryPublishSignatory.action?baseinfoId=98bc6a008fac4393963c66e30b6548bc,昆山开发区建设工程检测有限公司,2018/01/05 - 2024/01/04
273,https://las.cnas.org.cn/LAS/publish/queryPublishSignatory.action?baseinfoId=76f0a16efbda4c23b5f7bf1b22ab927b,苏交科集团检测认证有限公司,2017/12/20 - 2023/12/19
274,https://las.cnas.org.cn/LAS/publish/queryPublishSignatory.action?baseinfoId=08288a9a9f0c4e64abf719eb3eb3be86,国电南京自动化股份有限公司信息技术事业部,2017/11/06 - 2023/11/05
275,https://las.cnas.org.cn/LAS/publish/queryPublishSignatory.action?baseinfoId=1e5991031b804672b10cfaaa6b7a55cb,江苏建安消防服务中心,2017/10/16 - 2023/10/15
276,https://las.cnas.org.cn/LAS/publish/queryPublishSignatory.action?baseinfoId=99fb05405bd44960aa6e784db9f50915,昆山市建设工程质量检测中心,2017/09/04 - 2023/09/03
277,https://las.cnas.org.cn/LAS/publish/queryPublishSignatory.action?baseinfoId=6bc5ec297b4244a99cc1da8b82ae780a,中国检验认证集团检验有限公司-中国检验认证集团江苏有限公司,2017/08/14 - 2023/07/24
278,https://las.cnas.org.cn/LAS/publish/queryPublishSignatory.action?baseinfoId=f069bb3cffcc492385bb260141ce6a10,江苏金盾检测技术有限公司,2017/07/14 - 2023/07/20
279,https://las.cnas.org.cn/LAS/publish/queryPublishSignatory.action?baseinfoId=da2ac4a4de0345c1835c1c4031b474aa,江苏恒达工程检测有限公司,2017/07/10 - 2023/07/09
280,https://las.cnas.org.cn/LAS/publish/queryPublishSignatory.action?baseinfoId=02ca4554ac9e4af6a924fb820f55bb17,江苏科盾管道建设工程有限公司,2017/06/08 - 2023/06/07
281,https://las.cnas.org.cn/LAS/publish/queryPublishSignatory.action?baseinfoId=2b98d1316ee6428a939e4dcb8d2f462e,中国建材检验认证集团江苏有限公司,2017/03/03 - 2023/03/16
282,https://las.cnas.org.cn/LAS/publish/queryPublishSignatory.action?baseinfoId=ac3ba892e1be40158e81c37113b60c95,南京金利检验有限公司,2017/01/17 - 2023/02/10
283,https://las.cnas.org.cn/LAS/publish/queryPublishSignatory.action?baseinfoId=82288a4fee424945ac44ec081abd8b39,江苏城工建设科技有限公司,2017/01/22 - 2023/01/21
284,https://las.cnas.org.cn/LAS/publish/queryPublishSignatory.action?baseinfoId=d2bbdb5b1d9c4485ad046cc852a14357,通标标准技术服务有限公司苏州分公司,2016/12/28 - 2023/02/10
285,https://las.cnas.org.cn/LAS/publish/queryPublishSignatory.action?baseinfoId=12cdb8e324054709bfcdad861feb25d5,镇江市建设工程质量检测中心有限公司,2016/12/13 - 2022/12/12
286,https://las.cnas.org.cn/LAS/publish/queryPublishSignatory.action?baseinfoId=0dc27a4b0bf6453198d55919e410027e,江苏国保信息系统测评中心有限公司,2016/12/05 - 2022/12/04
287,https://las.cnas.org.cn/LAS/publish/queryPublishSignatory.action?baseinfoId=3d4615fac0904717a07fdccaabb3e685,南通华美树种鉴定实验室科技有限公司,2016/10/31 - 2022/10/30
288,https://las.cnas.org.cn/LAS/publish/queryPublishSignatory.action?baseinfoId=981f5b174e264b0a889cb33a16a5cbcd,江苏建研建设工程质量安全鉴定有限公司,2016/10/12 - 2022/10/11
289,https://las.cnas.org.cn/LAS/publish/queryPublishSignatory.action?baseinfoId=d99b7aabfe2a464a9a8029c7013eccb4,江苏安国信检测技术有限公司,2016/09/08 - 2022/09/07
290,https://las.cnas.org.cn/LAS/publish/queryPublishSignatory.action?baseinfoId=c5eab6bd6bea46e5b370da1e51aecdf3,常州市建筑科学研究院集团股份有限公司,2016/07/19 - 2022/07/18
291,https://las.cnas.org.cn/LAS/publish/queryPublishSignatory.action?baseinfoId=05ecaa06935c41d4b6592224f06f3fd6,南京市锅炉压力容器检验研究院,2016/07/13 - 2022/07/12
292,https://las.cnas.org.cn/LAS/publish/queryPublishSignatory.action?baseinfoId=6a09f3a781e2418bb3c264527ee663df,江苏中正检测股份有限公司,2016/04/27 - 2022/04/26
293,https://las.cnas.org.cn/LAS/publish/queryPublishSignatory.action?baseinfoId=cf244506db3f439280ed52feb5c0f424,江苏盛兴检测技术服务有限公司,2016/04/22 - 2022/04/21
294,https://las.cnas.org.cn/LAS/publish/queryPublishSignatory.action?baseinfoId=a4918bf89f074a24bc609394eea3fee0,江苏省特种设备安全监督检验研究院,2016/04/12 - 2022/04/11
295,https://las.cnas.org.cn/LAS/publish/queryPublishSignatory.action?baseinfoId=285a52fa23d2484e9b8de84eaeab9847,湖州市特种设备检测研究院,2019/03/06 - 2025/03/05
296,https://las.cnas.org.cn/LAS/publish/queryPublishSignatory.action?baseinfoId=ff330d675c96464ab2ca259b134f3708,浙江省发展信息安全测评技术有限公司,2019/01/30 - 2025/01/29
297,https://las.cnas.org.cn/LAS/publish/queryPublishSignatory.action?baseinfoId=53c7406b576a4da2824f8c08f1ee50ae,杭州市基础信息安全测评认证中心,2019/01/30 - 2025/01/29
298,https://las.cnas.org.cn/LAS/publish/queryPublishSignatory.action?baseinfoId=77b581b8c2a546a6aacba8a9ded2be82,杭州市特种设备检测研究院,2019/01/02 - 2025/01/01
299,https://las.cnas.org.cn/LAS/publish/queryPublishSignatory.action?baseinfoId=cd063425cb6e46c082f673d16b404ee7,杭州安信检测技术有限公司,2018/11/05 - 2024/11/04
300,https://las.cnas.org.cn/LAS/publish/queryPublishSignatory.action?baseinfoId=c54a84ef843a4ac991999dafdfd82f88,浙江鑫诺检测技术有限公司,2018/09/07 - 2024/09/06
301,https://las.cnas.org.cn/LAS/publish/queryPublishSignatory.action?baseinfoId=7dba3f0630754e61ae52f10220377ecb,杭州华安无损检测技术有限公司,2018/07/12 - 2024/07/11
302,https://las.cnas.org.cn/LAS/publish/queryPublishSignatory.action?baseinfoId=d78b413bc52a4f80ad808dc91d4e2ced,宁波出入境检验检疫局检验检疫技术中心,2018/05/18 - 2024/05/17
303,https://las.cnas.org.cn/LAS/publish/queryPublishSignatory.action?baseinfoId=eedf42b0149141ecb19c9666ccb034f4,舟山市质量技术监督检测研究院,2018/05/14 - 2024/05/13
304,https://las.cnas.org.cn/LAS/publish/queryPublishSignatory.action?baseinfoId=e2dbdf1c6f214eec9e3de92603c5a116,浙江海港检验检测有限公司,2018/04/28 - 2024/04/27
305,https://las.cnas.org.cn/LAS/publish/queryPublishSignatory.action?baseinfoId=dfce2f0d7e034700a026c16197e0a52c,嵊泗出入境检验检疫局综合技术服务中心,2018/04/28 - 2024/04/27
306,https://las.cnas.org.cn/LAS/publish/queryPublishSignatory.action?baseinfoId=082462850ef5452889d85bbb0f95ddfd,浙江中技建设工程检测有限公司,2018/03/15 - 2024/03/14
307,https://las.cnas.org.cn/LAS/publish/queryPublishSignatory.action?baseinfoId=5f4c817bd4764e60b10ff4371af62625,杭州睿迪检测技术有限公司,2018/03/14 - 2024/03/13
308,https://las.cnas.org.cn/LAS/publish/queryPublishSignatory.action?baseinfoId=1c110a985bb14ff69ca07020a803e8a5,浙江省建设工程质量检验站有限公司,2017/11/24 - 2023/11/23
309,https://las.cnas.org.cn/LAS/publish/queryPublishSignatory.action?baseinfoId=f3cdd91d44a84743818d41d5abbc7033,浙江华东工程安全技术有限公司,2017/10/20 - 2023/10/19
310,https://las.cnas.org.cn/LAS/publish/queryPublishSignatory.action?baseinfoId=beae0c99d9d843cea33baa571e44d0a3,中国检验认证集团检验有限公司-中国检验认证集团浙江有限公司,2017/09/29 - 2023/07/24
311,https://las.cnas.org.cn/LAS/publish/queryPublishSignatory.action?baseinfoId=5aab2f00cdae4e5a90d7d747bdd5fb6c,浙江中能工程检测有限公司,2017/08/25 - 2023/09/21
312,https://las.cnas.org.cn/LAS/publish/queryPublishSignatory.action?baseinfoId=c4310b92e01c4aefa14bafc2ad43dc9d,浙江东安检测技术有限公司,2017/08/16 - 2023/08/18
313,https://las.cnas.org.cn/LAS/publish/queryPublishSignatory.action?baseinfoId=3046558ec681438fafc7a847f314ac86,中国检验认证集团检验有限公司-中国检验认证集团宁波有限公司,2017/05/31 - 2023/07/24
314,https://las.cnas.org.cn/LAS/publish/queryPublishSignatory.action?baseinfoId=e624fbaff89c4a7fb907b4b7be0f3e41,绍兴市特种设备检测院,2017/05/25 - 2023/06/30
315,https://las.cnas.org.cn/LAS/publish/queryPublishSignatory.action?baseinfoId=c3e1c09f6fd742c9904409b78331c1f6,宁波市计量测试研究院（宁波市衡器管理所、宁波新材料检验检测中心）,2017/02/21 - 2023/03/09
316,https://las.cnas.org.cn/LAS/publish/queryPublishSignatory.action?baseinfoId=29c92b750baa439a8304c64f19d95824,通标标准技术服务有限公司宁波分公司,2017/01/03 - 2023/02/10
317,https://las.cnas.org.cn/LAS/publish/queryPublishSignatory.action?baseinfoId=0c1d6bfd3c5843afa1fcca9385d06013,通标标准技术服务有限公司杭州分公司,2016/12/16 - 2023/02/10
318,https://las.cnas.org.cn/LAS/publish/queryPublishSignatory.action?baseinfoId=bc29037940a2419fad3c7c49ed5c3f05,浙江省化工产品质量检验站有限公司,2016/11/29 - 2022/11/28
319,https://las.cnas.org.cn/LAS/publish/queryPublishSignatory.action?baseinfoId=a577accedc954f318f4a6b49c7c4a7e6,浙江省特种设备检验研究院,2016/11/21 - 2022/11/24
320,https://las.cnas.org.cn/LAS/publish/queryPublishSignatory.action?baseinfoId=3966f7a1b9fa4bbdbbce674553ff1d0c,杭州汉德质量认证服务有限公司,2016/09/26 - 2022/09/25
321,https://las.cnas.org.cn/LAS/publish/queryPublishSignatory.action?baseinfoId=5524d5db061940c4a01bfaf9b9705389,宁波中盛产品检测公司,2016/08/15 - 2022/08/14
322,https://las.cnas.org.cn/LAS/publish/queryPublishSignatory.action?baseinfoId=674b0599b7ce433e9049d10ef95dd9c5,金华市特种设备检测中心,2016/07/13 - 2022/07/12
323,https://las.cnas.org.cn/LAS/publish/queryPublishSignatory.action?baseinfoId=8b5d1d8de17d4c6bae6a2394a198d5e5,浙江省电子信息产品检验所,2016/06/27 - 2022/06/26
324,https://las.cnas.org.cn/LAS/publish/queryPublishSignatory.action?baseinfoId=906aa8164cd248bdb3db23bfe6ccacd1,温州方圆检验认证有限公司,2016/06/06 - 2022/06/05
325,https://las.cnas.org.cn/LAS/publish/queryPublishSignatory.action?baseinfoId=db36e595a6334e79b13656c6d2d1b774,合肥通用机械研究院特种设备检验站有限公司,2019/01/09 - 2025/01/08
326,https://las.cnas.org.cn/LAS/publish/queryPublishSignatory.action?baseinfoId=1dd6217999b14f03a85dabd9acd7cf91,合肥通用机电产品检测院有限公司,2018/05/14 - 2024/06/25
327,https://las.cnas.org.cn/LAS/publish/queryPublishSignatory.action?baseinfoId=05c198e60cef44988e96f755841b9bca,中国检验认证集团检验有限公司-中国检验认证集团安徽有限公司,2017/07/28 - 2023/07/24
328,https://las.cnas.org.cn/LAS/publish/queryPublishSignatory.action?baseinfoId=a1fc26c5a308446d9fd9de4c2ce79f88,安徽合信国质检验检测有限公司,2017/06/14 - 2023/06/13
329,https://las.cnas.org.cn/LAS/publish/queryPublishSignatory.action?baseinfoId=3be09a850ab84b81a9f7e551080f824a,泰思听（厦门）技术服务有限公司,2019/01/09 - 2025/01/08
330,https://las.cnas.org.cn/LAS/publish/queryPublishSignatory.action?baseinfoId=e81e4d7bd86647e6b78171ef05575a4a,福建省网络与信息安全测评中心,2018/07/23 - 2024/07/22
331,https://las.cnas.org.cn/LAS/publish/queryPublishSignatory.action?baseinfoId=f7fa0a16e1b845ea92aa72464c181d6e,健研检测集团有限公司,2018/04/09 - 2024/06/18
332,https://las.cnas.org.cn/LAS/publish/queryPublishSignatory.action?baseinfoId=6b3479e447fe4b0292f8e2529f417f92,福建中检矿产品检验检测有限公司,2018/05/31 - 2024/05/30
333,https://las.cnas.org.cn/LAS/publish/queryPublishSignatory.action?baseinfoId=d74b3864f54d4b7c991b3bf79406c028,中国建材检验认证集团厦门宏业有限公司,2018/05/14 - 2024/05/13
334,https://las.cnas.org.cn/LAS/publish/queryPublishSignatory.action?baseinfoId=e964beb6c1b14917ae77a3b5d196fd93,中纺协检验（泉州）技术服务有限公司,2017/10/27 - 2023/10/26
335,https://las.cnas.org.cn/LAS/publish/queryPublishSignatory.action?baseinfoId=ced807c2e1bc482899f4f43bb0280840,中国检验认证集团检验有限公司-中国检验认证集团厦门有限公司,2017/09/04 - 2023/07/24
336,https://las.cnas.org.cn/LAS/publish/queryPublishSignatory.action?baseinfoId=aee254f4a86d48d6bd326839be012973,福州汉斯曼产品质量技术服务有限公司,2017/08/03 - 2023/09/01
337,https://las.cnas.org.cn/LAS/publish/queryPublishSignatory.action?baseinfoId=4b161192650641828cf5cd1e45646709,中国检验认证集团检验有限公司-中国检验认证集团福建有限公司,2017/08/07 - 2023/07/24
338,https://las.cnas.org.cn/LAS/publish/queryPublishSignatory.action?baseinfoId=ab250dd2facb4c26a2cbe4697ffd0381,福建省建筑工程质量检测中心有限公司,2017/05/26 - 2023/06/09
339,https://las.cnas.org.cn/LAS/publish/queryPublishSignatory.action?baseinfoId=43469c3a42104f0ebee11369eae13f58,福建省永正工程质量检测有限公司,2017/03/23 - 2023/04/21
340,https://las.cnas.org.cn/LAS/publish/queryPublishSignatory.action?baseinfoId=c01be5d9d18c4bae8e04b93f6c482fb4,福建省鼎嘉质量技术服务有限公司,2017/03/03 - 2023/03/09
341,https://las.cnas.org.cn/LAS/publish/queryPublishSignatory.action?baseinfoId=991c1676439743b7a57dbde5ed6719e2,福建中检汽车检测有限公司,2017/01/19 - 2023/01/18
342,https://las.cnas.org.cn/LAS/publish/queryPublishSignatory.action?baseinfoId=949c8e7d080e4b5c9029164983939be0,福建中检检测有限公司,2017/01/17 - 2023/01/16
343,https://las.cnas.org.cn/LAS/publish/queryPublishSignatory.action?baseinfoId=996e0f9adbe7451aac72aee23caaeb72,英特科（厦门）食品技术有限公司,2016/12/29 - 2022/12/28
344,https://las.cnas.org.cn/LAS/publish/queryPublishSignatory.action?baseinfoId=a1c92806dd974d6fb72fa1b50365d41b,通标标准技术服务有限公司厦门分公司,2016/12/16 - 2023/02/10
345,https://las.cnas.org.cn/LAS/publish/queryPublishSignatory.action?baseinfoId=5643dc498a6a4202805e21ea5d7ce992,福州市建筑工程检测中心有限公司,2016/06/28 - 2022/07/03
346,https://las.cnas.org.cn/LAS/publish/queryPublishSignatory.action?baseinfoId=7dc611484f3a401aa2abce5e2cd00073,福建省电子产品监督检验所（福建省软件评测中心）,2016/03/15 - 2022/03/14
347,https://las.cnas.org.cn/LAS/publish/queryPublishSignatory.action?baseinfoId=db36e595a6334e79b13656c6d2d1b774,合肥通用机械研究院特种设备检验站有限公司,2019/01/09 - 2025/01/08
348,https://las.cnas.org.cn/LAS/publish/queryPublishSignatory.action?baseinfoId=1dd6217999b14f03a85dabd9acd7cf91,合肥通用机电产品检测院有限公司,2018/05/14 - 2024/06/25
349,https://las.cnas.org.cn/LAS/publish/queryPublishSignatory.action?baseinfoId=dc3d8d0d65034ad3ad3fbdfb5bc2b618,青岛华安达海事服务有限公司,2017/10/20 - 2023/10/19
350,https://las.cnas.org.cn/LAS/publish/queryPublishSignatory.action?baseinfoId=7ae18643bda2439a8a99ccc2120fc4cc,中国检验认证集团检验有限公司-中国检验认证集团江西有限公司,2017/07/28 - 2023/07/24
351,https://las.cnas.org.cn/LAS/publish/queryPublishSignatory.action?baseinfoId=2d97e1ef2c2f452a9ff510c091b443ef,江西省信息安全测评中心,2017/01/16 - 2023/01/15
352,https://las.cnas.org.cn/LAS/publish/queryPublishSignatory.action?baseinfoId=311501ab3cd5458484e129815904ac2c,山东省计算中心（国家超级计算济南中心）,2019/03/11 - 2025/03/10
353,https://las.cnas.org.cn/LAS/publish/queryPublishSignatory.action?baseinfoId=af55c6715c724f858ca807b1d6a415dd,青岛舒特检验鉴定有限公司,2019/03/07 - 2025/03/06
354,https://las.cnas.org.cn/LAS/publish/queryPublishSignatory.action?baseinfoId=a2f71740ed8241daad75b544e08e6b3f,应急管理部化学品登记中心,2019/02/01 - 2025/01/31
355,https://las.cnas.org.cn/LAS/publish/queryPublishSignatory.action?baseinfoId=e2657685e6c243358b89d41798baf43a,青岛检验检疫技术发展中心,2018/12/05 - 2024/12/23
356,https://las.cnas.org.cn/LAS/publish/queryPublishSignatory.action?baseinfoId=428b5b3fb7ba44d9ac8bcec884d90c27,青岛富朗保险公估有限公司,2018/08/08 - 2024/08/07
357,https://las.cnas.org.cn/LAS/publish/queryPublishSignatory.action?baseinfoId=5f931a38bdd24917a7fed018d042180d,山东柏森化工技术检测有限责任公司,2018/04/28 - 2024/04/27
358,https://las.cnas.org.cn/LAS/publish/queryPublishSignatory.action?baseinfoId=7f8b2697b3a1486ab8cc8c42ab7cd2c9,山东省标准化研究院条码印刷品质量检验站,2018/04/17 - 2024/04/16
359,https://las.cnas.org.cn/LAS/publish/queryPublishSignatory.action?baseinfoId=ec2dc0a0539c490cb55934ecbc8757c5,山东道普测评技术有限公司,2018/02/02 - 2024/02/01
360,https://las.cnas.org.cn/LAS/publish/queryPublishSignatory.action?baseinfoId=80e5ac7544d44a67bbc39ccabc2e56c9,山东省特种设备检验研究院有限公司,2017/12/25 - 2023/12/24
361,https://las.cnas.org.cn/LAS/publish/queryPublishSignatory.action?baseinfoId=dc3d8d0d65034ad3ad3fbdfb5bc2b618,青岛华安达海事服务有限公司,2017/10/20 - 2023/10/19
362,https://las.cnas.org.cn/LAS/publish/queryPublishSignatory.action?baseinfoId=a6aa1efaf7a54883b03d6c8957ea65f6,青岛理工大学工程质量检测鉴定中心,2017/10/16 - 2023/10/15
363,https://las.cnas.org.cn/LAS/publish/queryPublishSignatory.action?baseinfoId=dfe44bb65b5c451e9d698284bc7d02b2,山东维平信息安全测评技术有限公司,2017/09/01 - 2023/08/31
364,https://las.cnas.org.cn/LAS/publish/queryPublishSignatory.action?baseinfoId=148203be22f2450798ced9406cd9b7d4,山东电力研究院,2017/08/14 - 2023/08/13
365,https://las.cnas.org.cn/LAS/publish/queryPublishSignatory.action?baseinfoId=1fba1eb7274440e793dcc611496a51c5,山东鲁勘工程检测鉴定有限公司,2017/08/07 - 2023/08/06
366,https://las.cnas.org.cn/LAS/publish/queryPublishSignatory.action?baseinfoId=b44b3e8e18b446f2826999073ca3175f,中国检验认证集团检验有限公司-中国检验认证集团山东有限公司,2017/05/31 - 2023/07/24
367,https://las.cnas.org.cn/LAS/publish/queryPublishSignatory.action?baseinfoId=781cf1653ab44085833fc16a45d0cbf5,山东省电子信息产品检验院（中国赛宝（山东）实验室）,2017/05/22 - 2023/05/21
368,https://las.cnas.org.cn/LAS/publish/queryPublishSignatory.action?baseinfoId=3f0cdf4dd03b47a7bde9cd0a09395eb7,迪尔集团有限公司试验检测分公司,2017/05/16 - 2023/05/11
369,https://las.cnas.org.cn/LAS/publish/queryPublishSignatory.action?baseinfoId=b0bad060b00c45faa9f5f6f53814bdcd,山东新潮信息技术有限公司,2017/01/17 - 2023/01/16
370,https://las.cnas.org.cn/LAS/publish/queryPublishSignatory.action?baseinfoId=0fca75a71a504856bfad220e0de2ca2f,通标标准技术服务(青岛)有限公司,2017/01/03 - 2023/02/10
371,https://las.cnas.org.cn/LAS/publish/queryPublishSignatory.action?baseinfoId=eddfc28132c842c6a6fb6fcd3b1d229c,山东公信安全科技有限公司,2016/12/13 - 2022/12/12
372,https://las.cnas.org.cn/LAS/publish/queryPublishSignatory.action?baseinfoId=3349ffe6d7644b49a0320a457254aed3,青岛速科评测实验室有限公司,2016/08/30 - 2022/08/29
373,https://las.cnas.org.cn/LAS/publish/queryPublishSignatory.action?baseinfoId=878a9c26582a407aadef736e52283644,山东省建筑科学研究院建筑工程质量监督检验测试中心,2016/05/06 - 2022/05/05
374,https://las.cnas.org.cn/LAS/publish/queryPublishSignatory.action?baseinfoId=e026c5bc48d24cdc9942f8c472f6a1ac,山东电力工业锅炉压力容器检验中心有限公司,2016/03/08 - 2022/03/07
375,https://las.cnas.org.cn/LAS/publish/queryPublishSignatory.action?baseinfoId=1b11a56c7653497180c3296cd2e3e796,南阳防爆电气研究所有限公司,2018/12/12 - 2024/12/11
376,https://las.cnas.org.cn/LAS/publish/queryPublishSignatory.action?baseinfoId=88cb7f70d06448cba86ef3556d3f7d9f,河南省基本建设科学实验研究院有限公司,2018/09/19 - 2024/09/18
377,https://las.cnas.org.cn/LAS/publish/queryPublishSignatory.action?baseinfoId=9c19518ab17e482ca38e395ff6136032,河南省金盾信息安全等级技术测评中心有限公司,2018/09/05 - 2024/09/04
378,https://las.cnas.org.cn/LAS/publish/queryPublishSignatory.action?baseinfoId=6b484fcb35974638afe9270ec878b222,河南省鼎信信息安全等级测评有限公司,2018/07/02 - 2024/07/01
379,https://las.cnas.org.cn/LAS/publish/queryPublishSignatory.action?baseinfoId=497df64145a24b70b8983a75c195bd1f,中铁隧道局集团有限公司设备检测中心,2018/05/31 - 2024/05/30
380,https://las.cnas.org.cn/LAS/publish/queryPublishSignatory.action?baseinfoId=13fa891833654ef3b5d4bcb7525adbc0,河南天祺信息安全技术有限公司,2017/12/18 - 2023/12/17
381,https://las.cnas.org.cn/LAS/publish/queryPublishSignatory.action?baseinfoId=a0f1916cdf11488894f52b08b9873345,中国检验认证集团检验有限公司-中国检验认证集团河南有限公司,2017/08/07 - 2023/07/24
382,https://las.cnas.org.cn/LAS/publish/queryPublishSignatory.action?baseinfoId=00c3a35aae8441bd9e356f69db0d5f18,河南省建筑科学研究院有限公司检验中心,2016/11/17 - 2022/11/16
383,https://las.cnas.org.cn/LAS/publish/queryPublishSignatory.action?baseinfoId=b4729cd7a1de4a3a973c551784ce9465,通标标准技术服务有限公司武汉分公司,2019/02/20 - 2023/02/10
384,https://las.cnas.org.cn/LAS/publish/queryPublishSignatory.action?baseinfoId=68bc902ee42b4374bc553ca45806dbe9,武汉安域信息安全技术有限公司,2018/09/12 - 2024/09/11
385,https://las.cnas.org.cn/LAS/publish/queryPublishSignatory.action?baseinfoId=9056261d75234641b53691372d12486a,湖北特种设备检验检测研究院,2018/05/14 - 2024/05/13
386,https://las.cnas.org.cn/LAS/publish/queryPublishSignatory.action?baseinfoId=f68c1d541a244e3d9bee40d223d98bfa,襄阳达安汽车检测中心襄阳达安检查中心,2017/11/27 - 2024/01/17
387,https://las.cnas.org.cn/LAS/publish/queryPublishSignatory.action?baseinfoId=6affd0c0c0594c2e865da42b45688a73,湖北出入境检验检疫局检验检疫技术中心,2017/12/08 - 2023/12/07
388,https://las.cnas.org.cn/LAS/publish/queryPublishSignatory.action?baseinfoId=6c6e22d6cbea4078a4a218402ac7e569,中国检验认证集团检验有限公司-中国检验认证集团湖北有限公司,2017/07/28 - 2023/07/24
389,https://las.cnas.org.cn/LAS/publish/queryPublishSignatory.action?baseinfoId=290b85d78ba34c1982cd140b8bca41b4,中石油江汉机械研究所有限公司石油机械检验实验室,2017/02/23 - 2023/03/18
390,https://las.cnas.org.cn/LAS/publish/queryPublishSignatory.action?baseinfoId=00266f33564a47229b63a7abf68169ed,岳阳中检汽车检测有限公司,2018/10/31 - 2024/10/30
391,https://las.cnas.org.cn/LAS/publish/queryPublishSignatory.action?baseinfoId=394f60cefd0e4f4c9bec0f8c014b61cb,湖南中大检测技术集团有限公司,2018/08/17 - 2024/08/16
392,https://las.cnas.org.cn/LAS/publish/queryPublishSignatory.action?baseinfoId=b6944eaf23b64dda8e97c2865de9e124,中国检验认证集团检验有限公司-中国检验认证集团湖南有限公司,2017/08/14 - 2023/07/24
393,https://las.cnas.org.cn/LAS/publish/queryPublishSignatory.action?baseinfoId=aeded51478f842faa5eee8e8e0a8e682,国家建筑城建机械质量监督检验中心,2017/03/20 - 2023/03/26
394,https://las.cnas.org.cn/LAS/publish/queryPublishSignatory.action?baseinfoId=d82c3b2ffb454746bea32fb1d6b05387,湖南省佳策测评信息技术服务有限公司,2016/09/01 - 2022/08/31
395,https://las.cnas.org.cn/LAS/publish/queryPublishSignatory.action?baseinfoId=3003d6961df54784a6295fd2703003a1,湖南省金盾信息安全等级保护评估中心有限公司,2016/08/30 - 2022/08/29
396,https://las.cnas.org.cn/LAS/publish/queryPublishSignatory.action?baseinfoId=d99590fe127a49d19a587bea82dd1f04,深圳出入境检验检疫局食品检验检疫技术中心,2019/04/24 - 2025/04/23
397,https://las.cnas.org.cn/LAS/publish/queryPublishSignatory.action?baseinfoId=5c91256c0d134fe4a6af5fd3f0396543,深圳市盐田港建筑工程检测有限公司,2019/04/03 - 2025/04/02
398,https://las.cnas.org.cn/LAS/publish/queryPublishSignatory.action?baseinfoId=5f6b3e30c8d549e28cd3844fd5ac97e2,中国移动（深圳）有限公司移动业务运营支撑系统测评中心,2019/03/28 - 2025/03/27
399,https://las.cnas.org.cn/LAS/publish/queryPublishSignatory.action?baseinfoId=1f54783dad6943fcae5edf6d83b05aeb,深圳市信息安全测评中心（深圳市信息工程质量监督检验站）,2019/03/20 - 2025/03/19
400,https://las.cnas.org.cn/LAS/publish/queryPublishSignatory.action?baseinfoId=898f54577c864b9e98f6a867c9df0782,深圳市中检深六汽车检测有限公司,2019/03/08 - 2025/03/07
401,https://las.cnas.org.cn/LAS/publish/queryPublishSignatory.action?baseinfoId=df23774952cc4d5cbe781e70eb8d3099,广东德威检验认证有限公司,2019/03/06 - 2025/03/05
402,https://las.cnas.org.cn/LAS/publish/queryPublishSignatory.action?baseinfoId=937bcd5bbb0445e0a331442bf222db16,广州计量检测技术研究院,2019/03/01 - 2025/02/28
403,https://las.cnas.org.cn/LAS/publish/queryPublishSignatory.action?baseinfoId=2efb0ba92be841d9b57f9260ae1671d0,深圳超亚信息咨询有限公司,2019/01/28 - 2025/01/27
404,https://las.cnas.org.cn/LAS/publish/queryPublishSignatory.action?baseinfoId=4646918c358a479bb1772a133dbf0af3,深圳市标瑞信息技术有限公司,2019/01/23 - 2025/01/22
405,https://las.cnas.org.cn/LAS/publish/queryPublishSignatory.action?baseinfoId=de0ec07eee954bb284fee120bac7b365,深圳大学结构工程研究所,2018/12/26 - 2024/12/25
406,https://las.cnas.org.cn/LAS/publish/queryPublishSignatory.action?baseinfoId=39e60584b5e3404e994b77b5afe4a7dc,深圳市永基建筑工程检验有限公司,2018/12/19 - 2024/12/18
407,https://las.cnas.org.cn/LAS/publish/queryPublishSignatory.action?baseinfoId=cda5e30f36824261a8ec8c80b7bb77ff,广东省工程技术研究所煤炭贸易计重鉴定中心,2018/11/08 - 2024/12/13
408,https://las.cnas.org.cn/LAS/publish/queryPublishSignatory.action?baseinfoId=2d15c8fc4219421a879fad99e5fe7ffc,深圳市泰科检测有限公司,2018/11/28 - 2024/11/27
409,https://las.cnas.org.cn/LAS/publish/queryPublishSignatory.action?baseinfoId=8616fe75c9a140ed874fc0dd5803ec39,深圳市精恒工程检验有限公司,2018/10/10 - 2024/10/09
410,https://las.cnas.org.cn/LAS/publish/queryPublishSignatory.action?baseinfoId=db3dc500a86f485f9e69fb1b5a836d0d,广州市盛通建设工程质量检测有限公司,2018/09/13 - 2024/09/12
411,https://las.cnas.org.cn/LAS/publish/queryPublishSignatory.action?baseinfoId=2c66f34d0b3143e1b5fd449d7dca8801,广州汇通检测技术服务有限公司,2018/09/04 - 2024/09/03
412,https://las.cnas.org.cn/LAS/publish/queryPublishSignatory.action?baseinfoId=308035df11a54eb5a90b75cd54cf34ea,佛山出入境检验检疫局检验检疫综合技术中心,2018/07/17 - 2024/08/25
413,https://las.cnas.org.cn/LAS/publish/queryPublishSignatory.action?baseinfoId=e7f25ab495fc408f96d601d046f2a113,广州市信息安全测评中心,2018/07/13 - 2024/07/12
414,https://las.cnas.org.cn/LAS/publish/queryPublishSignatory.action?baseinfoId=a1eca5a8e1234816b016f265b3a4d3cf,深圳信特斯检测技术有限公司,2018/07/02 - 2024/07/01
415,https://las.cnas.org.cn/LAS/publish/queryPublishSignatory.action?baseinfoId=0ac02d3a75104b77a305a0be253829df,广东南方信息安全研究院,2018/06/28 - 2024/06/27
416,https://las.cnas.org.cn/LAS/publish/queryPublishSignatory.action?baseinfoId=87a06c7a0ed14fc7a285a80d5e991e58,深圳中建院建筑科技有限公司,2018/06/27 - 2024/06/26
417,https://las.cnas.org.cn/LAS/publish/queryPublishSignatory.action?baseinfoId=3deb6c9856b54b90897006a3f358caab,深圳地质建设工程公司,2018/05/31 - 2024/05/30
418,https://las.cnas.org.cn/LAS/publish/queryPublishSignatory.action?baseinfoId=9464d022a4e747e59cc8f38e2d687526,深圳市特种设备安全检验研究院,2018/05/25 - 2024/05/24
419,https://las.cnas.org.cn/LAS/publish/queryPublishSignatory.action?baseinfoId=41e650d23fc74da38cb0dfe94da62001,广州市市政工程试验检测有限公司,2018/05/10 - 2024/05/09
420,https://las.cnas.org.cn/LAS/publish/queryPublishSignatory.action?baseinfoId=3d953922e042498a8d118692147fabd0,深圳国之安第三方监管有限公司,2018/04/09 - 2024/04/08
421,https://las.cnas.org.cn/LAS/publish/queryPublishSignatory.action?baseinfoId=d7e1d652a6ee48abae3d38798c0a678e,广州能源检测研究院,2018/03/19 - 2024/03/18
422,https://las.cnas.org.cn/LAS/publish/queryPublishSignatory.action?baseinfoId=fc9235db4fd243d78cc3cd61f79a4568,广州建设工程质量安全检测中心有限公司,2018/02/12 - 2024/03/01
423,https://las.cnas.org.cn/LAS/publish/queryPublishSignatory.action?baseinfoId=74e987daa4d747738fa83c2b6700125f,广州市标准化研究院,2017/12/05 - 2024/03/01
424,https://las.cnas.org.cn/LAS/publish/queryPublishSignatory.action?baseinfoId=584c17949c494e35b679f810f603e87b,深圳市建研检测有限公司,2018/02/12 - 2024/02/11
425,https://las.cnas.org.cn/LAS/publish/queryPublishSignatory.action?baseinfoId=2f4f9298fde44abda739eeb7371ba0fc,广东出入境检验检疫局检验检疫技术中心,2018/01/30 - 2024/01/29
426,https://las.cnas.org.cn/LAS/publish/queryPublishSignatory.action?baseinfoId=2e3087ed52b84d5096c61d3b81a3be7c,广州阳光检验技术有限公司,2018/01/26 - 2024/01/25
427,https://las.cnas.org.cn/LAS/publish/queryPublishSignatory.action?baseinfoId=75ed1803aefe4183bcd5ebb1188af74f,广东产品质量监督检验研究院,2018/01/03 - 2024/01/15
428,https://las.cnas.org.cn/LAS/publish/queryPublishSignatory.action?baseinfoId=f37e07b8ac52453287b6b2ebbf9de698,广州特种承压设备检测研究院,2018/01/03 - 2024/01/02
429,https://las.cnas.org.cn/LAS/publish/queryPublishSignatory.action?baseinfoId=893a830d7a39412faa4c2e94692fb414,深圳市业昕工程检测有限公司,2017/12/01 - 2023/11/30
430,https://las.cnas.org.cn/LAS/publish/queryPublishSignatory.action?baseinfoId=50c5720c952c45c4b26da8ed7d6a46fe,珠海南方软件网络评测中心,2017/11/22 - 2023/11/21
431,https://las.cnas.org.cn/LAS/publish/queryPublishSignatory.action?baseinfoId=f04b9c0d16f648948307913da868c992,莱茵技术监护（深圳）有限公司,2017/09/18 - 2023/11/18
432,https://las.cnas.org.cn/LAS/publish/queryPublishSignatory.action?baseinfoId=faf68453b0fe4c0383e93a0dcd1b7525,深圳市太科检测有限公司,2017/11/03 - 2023/11/02
433,https://las.cnas.org.cn/LAS/publish/queryPublishSignatory.action?baseinfoId=d01aa44901444e6b89dbc6371f17cc62,华测检测认证集团股份有限公司,2017/09/18 - 2023/10/08
434,https://las.cnas.org.cn/LAS/publish/queryPublishSignatory.action?baseinfoId=6af09cfb89994d918e37e91a71ebdf44,深圳市清华苑工程结构鉴定有限公司,2017/07/10 - 2023/09/29
435,https://las.cnas.org.cn/LAS/publish/queryPublishSignatory.action?baseinfoId=34d3da18c5ba42aaa0d7709384c28089,深圳市金众工程检验检测有限公司,2017/09/29 - 2023/09/28
436,https://las.cnas.org.cn/LAS/publish/queryPublishSignatory.action?baseinfoId=e9fb059377714b8389b18d14e9fe93da,南方电网科学研究院有限责任公司实验检测中心,2017/09/29 - 2023/09/28
437,https://las.cnas.org.cn/LAS/publish/queryPublishSignatory.action?baseinfoId=2e38e3fc00f54109827b2a5fd09832c2,深圳市网安计算机安全检测技术有限公司,2017/09/29 - 2023/09/28
438,https://las.cnas.org.cn/LAS/publish/queryPublishSignatory.action?baseinfoId=0e078fb4db03495abcfc56ab911a33ff,广州威绰商品检测技术服务有限公司,2017/09/25 - 2023/09/24
439,https://las.cnas.org.cn/LAS/publish/queryPublishSignatory.action?baseinfoId=d2b362d192e54d388638fff0f9393c39,广州出入境检验检疫局综合技术服务中心,2017/09/22 - 2023/09/21
440,https://las.cnas.org.cn/LAS/publish/queryPublishSignatory.action?baseinfoId=e363d2e9fece4ad2ad0f3aa641c34a5a,广东省云浮市质量计量监督检测所,2017/08/16 - 2023/09/08
441,https://las.cnas.org.cn/LAS/publish/queryPublishSignatory.action?baseinfoId=b92fd92c16d14acf812ad76cff248d20,广州市建设工程质量安全检测中心,2017/07/28 - 2023/09/01
442,https://las.cnas.org.cn/LAS/publish/queryPublishSignatory.action?baseinfoId=b6d7af30b6d04b7a8bbc234f3b5e092c,谱尼测试集团深圳有限公司,2017/07/11 - 2023/08/28
443,https://las.cnas.org.cn/LAS/publish/queryPublishSignatory.action?baseinfoId=657d7ddc64ee4e3aa96be22e0c821976,中冶建筑研究总院（深圳）有限公司,2017/08/28 - 2023/08/27
444,https://las.cnas.org.cn/LAS/publish/queryPublishSignatory.action?baseinfoId=3c6681217b5e47238d955f0f5f46f985,深圳市深科工程检测有限公司,2017/08/07 - 2023/08/06
445,https://las.cnas.org.cn/LAS/publish/queryPublishSignatory.action?baseinfoId=d085c5c0f8114dbda30e1a498b0ed940,中国检验认证集团检验有限公司－中国检验认证集团珠海有限公司,2017/08/04 - 2023/07/24
446,https://las.cnas.org.cn/LAS/publish/queryPublishSignatory.action?baseinfoId=e817409bcf824fa99823d24108e3ceb5,中国检验认证集团检验有限公司-中国检验认证集团深圳有限公司,2017/07/28 - 2023/07/24
447,https://las.cnas.org.cn/LAS/publish/queryPublishSignatory.action?baseinfoId=c610c7c986e74e2e9cc985e51570f19b,中国检验认证集团检验有限公司-中国检验认证集团广东有限公司,2017/05/31 - 2023/07/24
448,https://las.cnas.org.cn/LAS/publish/queryPublishSignatory.action?baseinfoId=c730467e95004ff5ba3217405dfea7dd,中国赛宝实验室/工业和信息化部电子第五研究所/中国电子产品可靠性与环境试验研究所,2017/07/10 - 2023/07/09
449,https://las.cnas.org.cn/LAS/publish/queryPublishSignatory.action?baseinfoId=b760f1f20cb04ac2b590e04e7fb8e09d,深圳市建设工程质量检测中心,2017/05/22 - 2023/05/21
450,https://las.cnas.org.cn/LAS/publish/queryPublishSignatory.action?baseinfoId=33ac90c65eb74a77a39e25073af1e292,深圳市华美检测有限公司,2017/05/05 - 2023/05/04
451,https://las.cnas.org.cn/LAS/publish/queryPublishSignatory.action?baseinfoId=a78dd32613d8457680b876dd486941bd,世纺纺织技术（深圳）有限公司,2017/04/07 - 2023/04/07
452,https://las.cnas.org.cn/LAS/publish/queryPublishSignatory.action?baseinfoId=9bdd6314829b4b748babf3d5ba37b887,广东省测试分析研究所（中国广州分析测试中心）,2017/03/21 - 2023/03/26
453,https://las.cnas.org.cn/LAS/publish/queryPublishSignatory.action?baseinfoId=289ac4052a8247199b96b4d6ac8cca78,中纺标（深圳）检测有限公司,2017/02/20 - 2023/02/19
454,https://las.cnas.org.cn/LAS/publish/queryPublishSignatory.action?baseinfoId=f6efe7654c024eae93fe3be68bf75417,通标标准技术服务有限公司珠海分公司,2017/01/17 - 2023/02/10
455,https://las.cnas.org.cn/LAS/publish/queryPublishSignatory.action?baseinfoId=a36b0a6475314be58503679613d1942f,通标标准技术服务有限公司深圳分公司,2017/01/12 - 2023/02/10
456,https://las.cnas.org.cn/LAS/publish/queryPublishSignatory.action?baseinfoId=367b106469834370b6fb6ab4b175d4ff,深圳民声第三方监管有限公司,2016/12/31 - 2022/12/30
457,https://las.cnas.org.cn/LAS/publish/queryPublishSignatory.action?baseinfoId=d1ca5af3d85d494988f0401eb5e96fec,广州通导信息技术服务有限公司,2016/12/20 - 2022/12/19
458,https://las.cnas.org.cn/LAS/publish/queryPublishSignatory.action?baseinfoId=211046d95c474be9a2db6e1aac7d521a,通标标准技术服务有限公司惠州分公司,2016/12/20 - 2023/02/10
459,https://las.cnas.org.cn/LAS/publish/queryPublishSignatory.action?baseinfoId=8841d2f2489c48d3b4987486ed3b6733,通标标准技术服务有限公司广州分公司,2016/12/20 - 2023/02/10
460,https://las.cnas.org.cn/LAS/publish/queryPublishSignatory.action?baseinfoId=6f64fda72643498ebd45052136ff406c,广东省计量科学研究院（华南国家计量测试中心）,2016/12/20 - 2022/12/19
461,https://las.cnas.org.cn/LAS/publish/queryPublishSignatory.action?baseinfoId=d207516b630643a79360b4ed002cbfd2,通标标准技术服务有限公司东莞分公司,2016/12/14 - 2023/02/10
462,https://las.cnas.org.cn/LAS/publish/queryPublishSignatory.action?baseinfoId=78329f105c30479ca15afa5481355bf9,广州华工机动车检测技术有限公司,2016/11/07 - 2022/11/06
463,https://las.cnas.org.cn/LAS/publish/queryPublishSignatory.action?baseinfoId=d4154a665d334855925dd20f901cc6c2,德凯质量认证（上海）有限公司深圳分公司,2016/10/31 - 2022/10/30
464,https://las.cnas.org.cn/LAS/publish/queryPublishSignatory.action?baseinfoId=3594c1de0e074c8d8badad7b5f3ea0e9,广州市增城质量技术监督检测所,2016/10/31 - 2022/10/30
465,https://las.cnas.org.cn/LAS/publish/queryPublishSignatory.action?baseinfoId=0b70f7480d39472696621d4140140bbc,广州质量监督检测研究院,2016/08/22 - 2022/08/21
466,https://las.cnas.org.cn/LAS/publish/queryPublishSignatory.action?baseinfoId=1fddd590e7c4419588fadc5b95a9544c,深圳天祥质量技术服务有限公司,2016/08/15 - 2022/08/14
467,https://las.cnas.org.cn/LAS/publish/queryPublishSignatory.action?baseinfoId=97bcbba483fc449bbb564c68478de610,深圳市计量质量检测研究院,2016/08/07 - 2022/08/06
468,https://las.cnas.org.cn/LAS/publish/queryPublishSignatory.action?baseinfoId=10f1f100673d40099ec25887068dd577,亚检产品质量检验（深圳）有限公司,2016/06/20 - 2022/06/19
469,https://las.cnas.org.cn/LAS/publish/queryPublishSignatory.action?baseinfoId=3f010dc37e0945f997642a6aeae71e7a,威凯认证检测有限公司,2016/06/02 - 2022/06/01
470,https://las.cnas.org.cn/LAS/publish/queryPublishSignatory.action?baseinfoId=d9f2dda464e34b7a818d6cc13b834f25,倍科电子技术服务(深圳)有限公司,2016/06/02 - 2022/06/01
471,https://las.cnas.org.cn/LAS/publish/queryPublishSignatory.action?baseinfoId=672b90ef386840e8a06c72bd048a1fad,广州邦禾检测技术有限公司,2016/05/04 - 2022/05/03
472,https://las.cnas.org.cn/LAS/publish/queryPublishSignatory.action?baseinfoId=0ab209d98e8f4dd79175c452ea5bfe83,铁科院（深圳）检测工程有限公司,2016/04/25 - 2022/04/24
473,https://las.cnas.org.cn/LAS/publish/queryPublishSignatory.action?baseinfoId=bd03a295bd454de486f65ff4498cbe7c,广东省特种设备检测研究院,2016/04/14 - 2022/04/13
474,https://las.cnas.org.cn/LAS/publish/queryPublishSignatory.action?baseinfoId=dfdf8a4835ee4aa7bf74188f1266751c,深圳市建旭检测技术有限公司,2016/04/07 - 2022/04/06
475,https://las.cnas.org.cn/LAS/publish/queryPublishSignatory.action?baseinfoId=b15ae7f19798428a89e7745cfa800a10,广州特种机电设备检测研究院,2016/03/04 - 2022/03/03
476,https://las.cnas.org.cn/LAS/publish/queryPublishSignatory.action?baseinfoId=efc740b0670c4f92bb890dbafbce0226,中国检验认证集团检验有限公司-中国检验认证集团海南有限公司,2017/08/03 - 2023/07/24
477,https://las.cnas.org.cn/LAS/publish/queryPublishSignatory.action?baseinfoId=06b75e59aa054843a279fa4b77e1e4a5,通标标准技术服务有限公司海南分公司,2017/01/17 - 2023/02/10
478,https://las.cnas.org.cn/LAS/publish/queryPublishSignatory.action?baseinfoId=28d0d3fb3be54206b97f4e26da1b6fac,四川省信息安全测评中心,2019/01/03 - 2025/01/02
479,https://las.cnas.org.cn/LAS/publish/queryPublishSignatory.action?baseinfoId=c7ddedf2f41846f5854480c60399be64,成都安美勤信息技术股份有限公司,2018/11/21 - 2024/11/20
480,https://las.cnas.org.cn/LAS/publish/queryPublishSignatory.action?baseinfoId=22bb154a23774709a29d4493fcdb90ab,四川省危险化学品质量监督检验所,2018/08/13 - 2024/08/12
481,https://las.cnas.org.cn/LAS/publish/queryPublishSignatory.action?baseinfoId=754c54ec4fea48268f7c4863232e0549,成都古美信管道工程技术服务有限公司,2018/06/20 - 2024/06/19
482,https://las.cnas.org.cn/LAS/publish/queryPublishSignatory.action?baseinfoId=d229677d90b04af0b7e2c6bcc6b19ed1,四川盛泽石油工程技术有限公司,2018/03/12 - 2024/03/19
483,https://las.cnas.org.cn/LAS/publish/queryPublishSignatory.action?baseinfoId=04e7680853334db4b8d911f8e544b8ba,四川省建筑工程质量检测中心有限公司,2018/01/29 - 2024/02/12
484,https://las.cnas.org.cn/LAS/publish/queryPublishSignatory.action?baseinfoId=3077233d15ab4c4fa1797e01e9b37c93,中国检验认证集团检验有限公司-中国检验认证集团四川有限公司,2017/08/07 - 2023/07/24
485,https://las.cnas.org.cn/LAS/publish/queryPublishSignatory.action?baseinfoId=16663e93180b4a8dbd872f8e7978c980,中国民用航空总局第二研究所,2017/08/03 - 2023/08/04
486,https://las.cnas.org.cn/LAS/publish/queryPublishSignatory.action?baseinfoId=94eb8ca3896742078c9af1232fcd373e,成都市锐信安信息安全技术有限公司,2017/04/21 - 2023/04/20
487,https://las.cnas.org.cn/LAS/publish/queryPublishSignatory.action?baseinfoId=3b007f26efe84d2cb7697b5db054bc99,中国工程物理研究院计量测试中心,2016/09/05 - 2022/09/04
488,https://las.cnas.org.cn/LAS/publish/queryPublishSignatory.action?baseinfoId=5bfb1dec0bee4507b011938f8bb18b1f,四川科特检测技术有限公司,2016/07/31 - 2022/07/30
489,https://las.cnas.org.cn/LAS/publish/queryPublishSignatory.action?baseinfoId=293970b17e0e44789d13f5096e904a08,中国石油天然气股份有限公司西南油气田分公司安全环保与技术监督研究院,2016/06/29 - 2022/06/28
490,https://las.cnas.org.cn/LAS/publish/queryPublishSignatory.action?baseinfoId=33b9ef1e56ff42b6872d711989df81d8,贵州省建筑科学研究检测中心,2017/12/08 - 2024/01/03
491,https://las.cnas.org.cn/LAS/publish/queryPublishSignatory.action?baseinfoId=d09894e1eedf4acb8b600064d7188374,云南厚壁信息安全测评有限公司,2018/07/20 - 2024/07/19
492,https://las.cnas.org.cn/LAS/publish/queryPublishSignatory.action?baseinfoId=9efeec29fde640ae980e8b5b5ba71e90,中国检验认证集团检验有限公司-中国检验认证集团云南有限公司,2018/03/19 - 2023/07/24
493,https://las.cnas.org.cn/LAS/publish/queryPublishSignatory.action?baseinfoId=b67fe353444f48278535c062fb92736f,云南南天电子信息产业股份有限公司信息安全测评中心,2016/06/27 - 2022/06/26
494,https://las.cnas.org.cn/LAS/publish/queryPublishSignatory.action?baseinfoId=ddb70099c72a46fe9df59aad49b07b3c,陕西省网络与信息安全测评中心,2019/02/28 - 2025/02/27
495,https://las.cnas.org.cn/LAS/publish/queryPublishSignatory.action?baseinfoId=31ea27bc43294fa786df5b4035757b64,陕西信远建筑工程司法鉴定所,2019/01/22 - 2025/01/21
496,https://las.cnas.org.cn/LAS/publish/queryPublishSignatory.action?baseinfoId=1b4346b9077e4b0180f53ab958ac4493,中国石油天然气集团公司管材研究所,2018/12/25 - 2025/01/05
497,https://las.cnas.org.cn/LAS/publish/queryPublishSignatory.action?baseinfoId=2dfd32d54ebd4028967a5c7ff0056f34,中国检验认证集团检验有限公司-中国检验认证集团陕西有限公司,2017/09/18 - 2023/07/24
498,https://las.cnas.org.cn/LAS/publish/queryPublishSignatory.action?baseinfoId=98cf3c030cd34645a898b98156412bd1,陕西中立检测鉴定有限公司,2017/03/20 - 2023/03/19
499,https://las.cnas.org.cn/LAS/publish/queryPublishSignatory.action?baseinfoId=eef3606b45cd41dda46c31664aedd850,陕西思安信息网络安全有限公司,2017/02/06 - 2023/02/05
500,https://las.cnas.org.cn/LAS/publish/queryPublishSignatory.action?baseinfoId=64f0ede4c63f42f39280a1c207c88840,陕西威能检验咨询有限公司,2017/01/03 - 2023/01/02
501,https://las.cnas.org.cn/LAS/publish/queryPublishSignatory.action?baseinfoId=a718dc05d72a46bc9e3a46e3c15fe8ec,甘肃省特种设备检验检测研究院（甘肃省特种设备检验检测集团）,2018/06/27 - 2024/06/26
502,https://las.cnas.org.cn/LAS/publish/queryPublishSignatory.action?baseinfoId=1df7639da4104e528baa8771c5766804,甘肃省建筑科学研究院,2018/02/12 - 2024/02/11
503,https://las.cnas.org.cn/LAS/publish/queryPublishSignatory.action?baseinfoId=c2a945b29bd84ddea09fb191208034c8,甘肃土木工程科学研究院有限公司检测中心,2018/02/02 - 2024/02/10
504,https://las.cnas.org.cn/LAS/publish/queryPublishSignatory.action?baseinfoId=94a36911330043d0960f303ade707bb4,中国检验认证集团检验有限公司-中国检验认证集团甘肃有限公司,2017/07/28 - 2023/07/24
505,https://las.cnas.org.cn/LAS/publish/queryPublishSignatory.action?baseinfoId=d3e944451af3463aa256620c2a94e780,香港商中检实业有限公司台湾分公司,2018/12/26 - 2024/12/25
506,https://las.cnas.org.cn/LAS/publish/queryPublishSignatory.action?baseinfoId=7eb716955d2e4e9289740faeb9ca4624,内蒙古信元网络安全技术股份有限公司,2018/10/18 - 2024/10/17
507,https://las.cnas.org.cn/LAS/publish/queryPublishSignatory.action?baseinfoId=24dafa60d4194512a2dd6b7c37c4065d,中国检验认证集团检验有限公司-中国检验认证集团满洲里有限责任公司,2017/09/18 - 2023/07/24
508,https://las.cnas.org.cn/LAS/publish/queryPublishSignatory.action?baseinfoId=6abda735efdd453dbe71a67d7f3506e0,中国检验认证集团检验有限公司-中国检验认证集团内蒙古有限公司,2017/09/18 - 2023/07/24
509,https://las.cnas.org.cn/LAS/publish/queryPublishSignatory.action?baseinfoId=8feb3dc87ceb485c8a477e585101d565,内蒙古自治区建设科技开发推广中心建筑能效测评总站,2017/04/05 - 2023/04/04
510,https://las.cnas.org.cn/LAS/publish/queryPublishSignatory.action?baseinfoId=9cad0d661e694eeb853e2f1bec6b2507,广西壮族自治区建筑科学研究设计院,2019/03/06 - 2025/03/05
511,https://las.cnas.org.cn/LAS/publish/queryPublishSignatory.action?baseinfoId=6d3e509db51c40c883af2e5dc656d331,钦州出入境检验检疫局综合技术服务中心,2018/12/19 - 2024/12/18
512,https://las.cnas.org.cn/LAS/publish/queryPublishSignatory.action?baseinfoId=0f3ba34b41464a7eb2ab2d5b220b0f71,广西鼎恒工程质量检测有限公司,2018/10/31 - 2024/10/30
513,https://las.cnas.org.cn/LAS/publish/queryPublishSignatory.action?baseinfoId=f53ef64dcbbe4db8a45953ffac77a5bb,广西交通工程检测有限公司,2018/07/05 - 2024/07/04
514,https://las.cnas.org.cn/LAS/publish/queryPublishSignatory.action?baseinfoId=b32447b381b748b38307910d721204db,广西壮族自治区特种设备检验研究院,2018/04/09 - 2024/04/08
515,https://las.cnas.org.cn/LAS/publish/queryPublishSignatory.action?baseinfoId=7ad9a44bb5d7471285a40c4b9597e8c9,中国检验认证集团检验有限公司-中国检验认证集团广西有限公司,2017/11/09 - 2023/07/24
516,https://las.cnas.org.cn/LAS/publish/queryPublishSignatory.action?baseinfoId=09cbddd24a0e485ea77c97334f792bba,广西壮族自治区建筑工程质量检测中心（广西壮族自治区建筑施工材料质量监督检验站）,2017/03/03 - 2023/03/16
517,https://las.cnas.org.cn/LAS/publish/queryPublishSignatory.action?baseinfoId=9c165598d0a6457cba8daa76b5835a73,通标标准技术服务有限公司防城港分公司,2016/12/14 - 2023/02/10
518,https://las.cnas.org.cn/LAS/publish/queryPublishSignatory.action?baseinfoId=b502be096b464faeafe471fbf5f51fbf,广西软件评测中心信息工程和软件检测实验室,2016/05/31 - 2022/05/30
519,https://las.cnas.org.cn/LAS/publish/queryPublishSignatory.action?baseinfoId=bf9c27fbe6d24c83ae9b9fcb0c0c6ab2,桂林市南方检测有限责任公司,2016/03/11 - 2022/03/10
520,https://las.cnas.org.cn/LAS/publish/queryPublishSignatory.action?baseinfoId=75b95d002dfc41289aecbb5c150883a7,国网宁夏电力有限公司电力科学研究院,2019/01/29 - 2025/01/28
521,https://las.cnas.org.cn/LAS/publish/queryPublishSignatory.action?baseinfoId=065933f1e58440bdb007bb67f2ca72c0,新疆维吾尔自治区特种设备检验研究院,2018/01/15 - 2024/02/01
522,https://las.cnas.org.cn/LAS/publish/queryPublishSignatory.action?baseinfoId=9e70e977a3ab43f8a6c519fa86151991,中国检验认证集团检验有限公司－中国检验认证集团新疆有限公司,2017/09/04 - 2023/07/24
523,https://las.cnas.org.cn/LAS/publish/queryPublishSignatory.action?baseinfoId=ca434bcde6cf4096bb7fda9b583e4354,中国石油独山子石化分公司压力容器检验所,2016/10/20 - 2022/11/24
524,https://las.cnas.org.cn/LAS/publish/queryPublishSignatory.action?baseinfoId=10541447f75c419389879753432d0f58,中国检验有限公司,2019/01/09 - 2025/01/09
525,https://las.cnas.org.cn/LAS/publish/queryPublishSignatory.action?baseinfoId=5795a1f9b9c94cf5828805143a8d68c9,华南检测有限公司,2016/04/14 - 2022/04/13
526,https://las.cnas.org.cn/LAS/publish/queryPublishSignatory.action?baseinfoId=dde2b187f4b44e1a99eeeb7ca845b9c2,中国检验认证集团检验有限公司－中国检验认证集团澳门有限公司,2017/11/10 - 2023/07/24
