,url
0,https://las.cnas.org.cn/LAS/publish/queryOrgInfo1.action?id=a8fc27e7d7254bd2bb1732b350348cd2
1,https://las.cnas.org.cn/LAS/publish/queryOrgInfo1.action?id=1c01390d72f742019223b88b0d56ac87
2,https://las.cnas.org.cn/LAS/publish/queryOrgInfo1.action?id=8a2876fc9fc144b79acf9c0d2c7366d0
3,https://las.cnas.org.cn/LAS/publish/queryOrgInfo1.action?id=b4b6d52ca9de44d4a3e3a1551dace07d
4,https://las.cnas.org.cn/LAS/publish/queryOrgInfo1.action?id=f2eba120a0464b7191d66610f4c066db
5,https://las.cnas.org.cn/LAS/publish/queryOrgInfo1.action?id=d876a018e98f410bae5fa1ce6d3dd22c
6,https://las.cnas.org.cn/LAS/publish/queryOrgInfo1.action?id=ddc8ba2ef6d741268664f04713630d6b
7,https://las.cnas.org.cn/LAS/publish/queryOrgInfo1.action?id=2e01e3ca46c041878c621ab2fb2f7867
8,https://las.cnas.org.cn/LAS/publish/queryOrgInfo1.action?id=98f0331cf56542558fbda37d54f87282
9,https://las.cnas.org.cn/LAS/publish/queryOrgInfo1.action?id=b55fda9d9f3f478f9340a7ebf9c4183c
10,https://las.cnas.org.cn/LAS/publish/queryOrgInfo1.action?id=12071eae7be64958bcbd73ebcf505783
11,https://las.cnas.org.cn/LAS/publish/queryOrgInfo1.action?id=90d6bb7babd5437490aad9b7896746a5
12,https://las.cnas.org.cn/LAS/publish/queryOrgInfo1.action?id=9cb99a43fd15478fb578af6dbc258cba
13,https://las.cnas.org.cn/LAS/publish/queryOrgInfo1.action?id=05efba8d52b7429194153676028f162f
14,https://las.cnas.org.cn/LAS/publish/queryOrgInfo1.action?id=b33f1c3c87cf45969d9b87d5123f2a56
15,https://las.cnas.org.cn/LAS/publish/queryOrgInfo1.action?id=a6f86709edfd422f8832d60923c29ea0
16,https://las.cnas.org.cn/LAS/publish/queryOrgInfo1.action?id=014b057596d8443c8be82d23318fdfc6
17,https://las.cnas.org.cn/LAS/publish/queryOrgInfo1.action?id=3be6fba4a2dc4bbfa5550b878a6651e8
18,https://las.cnas.org.cn/LAS/publish/queryOrgInfo1.action?id=7b23a9aefe2046c9b19638ce75c630a9
19,https://las.cnas.org.cn/LAS/publish/queryOrgInfo1.action?id=6f1d03662bec433fbfbae791a44aac3d
20,https://las.cnas.org.cn/LAS/publish/queryOrgInfo1.action?id=f7257467c46341459a0ba079899f66e7
21,https://las.cnas.org.cn/LAS/publish/queryOrgInfo1.action?id=6ad02f3e756345ecb40baf31d9b7649b
22,https://las.cnas.org.cn/LAS/publish/queryOrgInfo1.action?id=252f87a5afa04f2fa377f3f2d878f348
23,https://las.cnas.org.cn/LAS/publish/queryOrgInfo1.action?id=fb508100b85c42fe8987a87ad9bb2639
24,https://las.cnas.org.cn/LAS/publish/queryOrgInfo1.action?id=3a6bece70e1b4eedbbc15683fe531a12
25,https://las.cnas.org.cn/LAS/publish/queryOrgInfo1.action?id=f997680bfa7d4af9a247b6bbb377bbe6
26,https://las.cnas.org.cn/LAS/publish/queryOrgInfo1.action?id=7a0bee0f31ad4f498882ad165636c7af
27,https://las.cnas.org.cn/LAS/publish/queryOrgInfo1.action?id=5e0706772f794270bbaf2943b06bc2f5
28,https://las.cnas.org.cn/LAS/publish/queryOrgInfo1.action?id=5a40825e291343f4bd01a17438fa967e
29,https://las.cnas.org.cn/LAS/publish/queryOrgInfo1.action?id=b5a4252085ba4dccaba7abdb596e8629
30,https://las.cnas.org.cn/LAS/publish/queryOrgInfo1.action?id=9ab1cc9e7f3c463296e6558f1d12fc49
31,https://las.cnas.org.cn/LAS/publish/queryOrgInfo1.action?id=226ad920ead646feb31817f76b592d4b
32,https://las.cnas.org.cn/LAS/publish/queryOrgInfo1.action?id=dfbfb8a798d84a9ab8760f0d67ace0ae
33,https://las.cnas.org.cn/LAS/publish/queryOrgInfo1.action?id=5b728c65378e488e88e567e81c763b01
34,https://las.cnas.org.cn/LAS/publish/queryOrgInfo1.action?id=6000d915855d4433920f1d9a607d5ffc
35,https://las.cnas.org.cn/LAS/publish/queryOrgInfo1.action?id=04f1112d1c4342d19bb767e498ad73ab
36,https://las.cnas.org.cn/LAS/publish/queryOrgInfo1.action?id=50b980dabe0541e4a7aed7e97acf58cb
37,https://las.cnas.org.cn/LAS/publish/queryOrgInfo1.action?id=c099377e5a084549a3cdf724f59c5aeb
38,https://las.cnas.org.cn/LAS/publish/queryOrgInfo1.action?id=d5580efc53cb4e0092c3d0632b8772ad
39,https://las.cnas.org.cn/LAS/publish/queryOrgInfo1.action?id=a35984d3c36649d384b33f47d0fcc985
40,https://las.cnas.org.cn/LAS/publish/queryOrgInfo1.action?id=16f1032eff3040b3a6c7f4e3505b39e9
41,https://las.cnas.org.cn/LAS/publish/queryOrgInfo1.action?id=bf95e3d79304426d98aec41549099e8d
42,https://las.cnas.org.cn/LAS/publish/queryOrgInfo1.action?id=70f50c3cedc94c3899c8ed603ae6d754
43,https://las.cnas.org.cn/LAS/publish/queryOrgInfo1.action?id=74dc33d92a004ed6b5699c563096a914
44,https://las.cnas.org.cn/LAS/publish/queryOrgInfo1.action?id=2c56d95cb53747a98ba4af7a3cd35815
45,https://las.cnas.org.cn/LAS/publish/queryOrgInfo1.action?id=292f9a33632341e69e058c5185bc24a7
46,https://las.cnas.org.cn/LAS/publish/queryOrgInfo1.action?id=99b74a3e73c2403fbd1b2a3d4626a9d2
47,https://las.cnas.org.cn/LAS/publish/queryOrgInfo1.action?id=840f0031d8714ad3ae1cbe616d0f4a63
48,https://las.cnas.org.cn/LAS/publish/queryOrgInfo1.action?id=3ce3227747fb44e5a7fd93361b39933b
49,https://las.cnas.org.cn/LAS/publish/queryOrgInfo1.action?id=232ff48873f545b8855576a708316197
50,https://las.cnas.org.cn/LAS/publish/queryOrgInfo1.action?id=c8d3eadc46844cf9a5409b01be305e39
51,https://las.cnas.org.cn/LAS/publish/queryOrgInfo1.action?id=9ae99ed9c1bf4bc0a2a20fcf5a2d7159
52,https://las.cnas.org.cn/LAS/publish/queryOrgInfo1.action?id=6d99907c83104f318ac8e3e4dd553652
53,https://las.cnas.org.cn/LAS/publish/queryOrgInfo1.action?id=660b0a905442489789b268e23908eeb9
54,https://las.cnas.org.cn/LAS/publish/queryOrgInfo1.action?id=122e16105e0641309658bc3889ccc3e7
55,https://las.cnas.org.cn/LAS/publish/queryOrgInfo1.action?id=b2946a9a7e394d0d90f4dd5e72ec25ac
56,https://las.cnas.org.cn/LAS/publish/queryOrgInfo1.action?id=96b92b31fc9d418eb13a18f68c7a17c5
57,https://las.cnas.org.cn/LAS/publish/queryOrgInfo1.action?id=8e09d39f792243f6a944e1b8c1658828
58,https://las.cnas.org.cn/LAS/publish/queryOrgInfo1.action?id=dabed5f9bcdd4f57b3c68f3186f4cba8
59,https://las.cnas.org.cn/LAS/publish/queryOrgInfo1.action?id=8f24c8c9a6f74fbfa348de004ec1fd8c
60,https://las.cnas.org.cn/LAS/publish/queryOrgInfo1.action?id=16f282232a704898ba6216dcc360d2b6
61,https://las.cnas.org.cn/LAS/publish/queryOrgInfo1.action?id=49ff399479894ba0a4d3c363fe7fc936
62,https://las.cnas.org.cn/LAS/publish/queryOrgInfo1.action?id=bb32bd7d9b1741f78668ff9ccdf56cab
63,https://las.cnas.org.cn/LAS/publish/queryOrgInfo1.action?id=5914caf9a16546c7af9f6cdca33ccf01
64,https://las.cnas.org.cn/LAS/publish/queryOrgInfo1.action?id=46227cc6417642d3915124bb09c7b490
65,https://las.cnas.org.cn/LAS/publish/queryOrgInfo1.action?id=9c6f1057ee374a17b85d877882e8dfe6
66,https://las.cnas.org.cn/LAS/publish/queryOrgInfo1.action?id=7dc8ea0ff3f6495ca565bbfab7d7c5dc
67,https://las.cnas.org.cn/LAS/publish/queryOrgInfo1.action?id=5ebf1ba82f4b4aa5b9c3710c3422a315
68,https://las.cnas.org.cn/LAS/publish/queryOrgInfo1.action?id=eedb278d4ca84c0d85e1aa505362f97f
69,https://las.cnas.org.cn/LAS/publish/queryOrgInfo1.action?id=3bac27020b8f4d008b320563a9f476de
70,https://las.cnas.org.cn/LAS/publish/queryOrgInfo1.action?id=edab30fb4c2449e589a3d11616a330a8
71,https://las.cnas.org.cn/LAS/publish/queryOrgInfo1.action?id=b11d271eeb834e0a8b870d3707b76d79
72,https://las.cnas.org.cn/LAS/publish/queryOrgInfo1.action?id=09b9d014e3b14631b65ca2f10502561a
73,https://las.cnas.org.cn/LAS/publish/queryOrgInfo1.action?id=b5749aa1748a4f86b1c88a01789afaff
74,https://las.cnas.org.cn/LAS/publish/queryOrgInfo1.action?id=64fa11056de74b12b7c87043d2f74fd1
75,https://las.cnas.org.cn/LAS/publish/queryOrgInfo1.action?id=b76f85d367e74f0b8d56c8df419b6b79
76,https://las.cnas.org.cn/LAS/publish/queryOrgInfo1.action?id=d4d89c3e73da49b98a83192d4575e408
77,https://las.cnas.org.cn/LAS/publish/queryOrgInfo1.action?id=37820ffd14784822ad183d30c8bf1b52
78,https://las.cnas.org.cn/LAS/publish/queryOrgInfo1.action?id=71c6bc2d2cc841bc8143200850cba15c
79,https://las.cnas.org.cn/LAS/publish/queryOrgInfo1.action?id=655efe72bcb44e1cb81cbfcf6b10b581
80,https://las.cnas.org.cn/LAS/publish/queryOrgInfo1.action?id=86de3f14b78043a3a3bd8c2574d607d3
81,https://las.cnas.org.cn/LAS/publish/queryOrgInfo1.action?id=8fd21d7d0e9f480094418f24470ad39a
82,https://las.cnas.org.cn/LAS/publish/queryOrgInfo1.action?id=4dbff4cf0a1a472a81b3e4dfba0d38d2
83,https://las.cnas.org.cn/LAS/publish/queryOrgInfo1.action?id=2df7138cdaa44d8eab5ab44e7eb0dc8e
84,https://las.cnas.org.cn/LAS/publish/queryOrgInfo1.action?id=1614c21006df453f8ff66050e87d7e32
85,https://las.cnas.org.cn/LAS/publish/queryOrgInfo1.action?id=e9841acdfef0488db4d976a2b0b564c3
86,https://las.cnas.org.cn/LAS/publish/queryOrgInfo1.action?id=563dce1315304601abd1e2162f713f76
87,https://las.cnas.org.cn/LAS/publish/queryOrgInfo1.action?id=0c082ad76a0c4efd99be6212458e1258
88,https://las.cnas.org.cn/LAS/publish/queryOrgInfo1.action?id=b30aa4f1dc0e4ca18cd9918a260dd251
89,https://las.cnas.org.cn/LAS/publish/queryOrgInfo1.action?id=535fa035c6a84ba294f6c58f4e91d5f6
90,https://las.cnas.org.cn/LAS/publish/queryOrgInfo1.action?id=c8b44a1523c64d23ab910c3ee3c70548
91,https://las.cnas.org.cn/LAS/publish/queryOrgInfo1.action?id=16ab618fb44843d4b34c0a44da1a9534
92,https://las.cnas.org.cn/LAS/publish/queryOrgInfo1.action?id=1cfc0c40407548e191be3f1045b994f2
93,https://las.cnas.org.cn/LAS/publish/queryOrgInfo1.action?id=bb0081c4d70e403a9407b78375221a03
94,https://las.cnas.org.cn/LAS/publish/queryOrgInfo1.action?id=832a16e65f9f491eab5c0583f0f1d90b
95,https://las.cnas.org.cn/LAS/publish/queryOrgInfo1.action?id=4d3a4292b66d4927ace53767c5063a3f
96,https://las.cnas.org.cn/LAS/publish/queryOrgInfo1.action?id=43fd1e0c10044bc1a33cb9a261bacd5b
97,https://las.cnas.org.cn/LAS/publish/queryOrgInfo1.action?id=5c95c243ed164976a9e6904a820b1dbb
98,https://las.cnas.org.cn/LAS/publish/queryOrgInfo1.action?id=b2953fb980e44cc99b24f3fd581f15f7
99,https://las.cnas.org.cn/LAS/publish/queryOrgInfo1.action?id=9518f785450d4a3198cb31562d6c0b76
100,https://las.cnas.org.cn/LAS/publish/queryOrgInfo1.action?id=ecf1250c3e7b4c0f8c1ff28d4130c015
101,https://las.cnas.org.cn/LAS/publish/queryOrgInfo1.action?id=98f9b710d93f465e84445110fd256162
102,https://las.cnas.org.cn/LAS/publish/queryOrgInfo1.action?id=2fc7c88e0ba2409cbdedb2d57a3d10b7
103,https://las.cnas.org.cn/LAS/publish/queryOrgInfo1.action?id=06e9a566f77f4992bdb49f98d3cedd79
104,https://las.cnas.org.cn/LAS/publish/queryOrgInfo1.action?id=5ff244ae95574af48814a19b9e7f60b3
105,https://las.cnas.org.cn/LAS/publish/queryOrgInfo1.action?id=641cb9d7e6bd4fee92cf6b92539784eb
106,https://las.cnas.org.cn/LAS/publish/queryOrgInfo1.action?id=44216a2acafe406db9e5209009cb33f6
107,https://las.cnas.org.cn/LAS/publish/queryOrgInfo1.action?id=3d1fc061de21442b9a3fddbbd471518a
108,https://las.cnas.org.cn/LAS/publish/queryOrgInfo1.action?id=32adb38ea34c489aa2271fe37ace70e2
109,https://las.cnas.org.cn/LAS/publish/queryOrgInfo1.action?id=12b7f3c8caac4665a5fb707436db7e9f
110,https://las.cnas.org.cn/LAS/publish/queryOrgInfo1.action?id=dede5b89d9144f75984f83d440ec4f88
111,https://las.cnas.org.cn/LAS/publish/queryOrgInfo1.action?id=66ab1133847342bc99b0cdfba7371ce7
112,https://las.cnas.org.cn/LAS/publish/queryOrgInfo1.action?id=598c7cae4c6e4fbf904e2d1be65defae
113,https://las.cnas.org.cn/LAS/publish/queryOrgInfo1.action?id=577a8486d363487384090218a956c54d
114,https://las.cnas.org.cn/LAS/publish/queryOrgInfo1.action?id=9840f45a03dc434d97e30ef1a1425024
115,https://las.cnas.org.cn/LAS/publish/queryOrgInfo1.action?id=5e8c556137ee4c8d8357babdc12738dd
116,https://las.cnas.org.cn/LAS/publish/queryOrgInfo1.action?id=4ed61d5bb2ec419fb0ef3f643d9261e1
117,https://las.cnas.org.cn/LAS/publish/queryOrgInfo1.action?id=7c6b957ade2e4194859426728b624d36
118,https://las.cnas.org.cn/LAS/publish/queryOrgInfo1.action?id=93d8c71da9d647e786b846dff905c646
119,https://las.cnas.org.cn/LAS/publish/queryOrgInfo1.action?id=866a39779bfb4f25af9b3b8931a7b79c
120,https://las.cnas.org.cn/LAS/publish/queryOrgInfo1.action?id=aacce17b2e87406b9b8a6247e80bd8fe
121,https://las.cnas.org.cn/LAS/publish/queryOrgInfo1.action?id=cf7f426b6f2a4ae59b66928bd2d6e151
122,https://las.cnas.org.cn/LAS/publish/queryOrgInfo1.action?id=420d581646774f6fa8d45a092d1e36c0
123,https://las.cnas.org.cn/LAS/publish/queryOrgInfo1.action?id=8c0ae2291dcd4ee1b2d96ff996d4346d
124,https://las.cnas.org.cn/LAS/publish/queryOrgInfo1.action?id=797932e1df954511bc9963cfab8abaee
125,https://las.cnas.org.cn/LAS/publish/queryOrgInfo1.action?id=367ba91e901b4888a05c46a2dc76b471
126,https://las.cnas.org.cn/LAS/publish/queryOrgInfo1.action?id=7afe0468b45c4f2aab6ba0fe71fc943b
127,https://las.cnas.org.cn/LAS/publish/queryOrgInfo1.action?id=88b21f64a71b4365bbabb75271261eb6
128,https://las.cnas.org.cn/LAS/publish/queryOrgInfo1.action?id=c69678c51bb84d779fb09840f7730d9f
129,https://las.cnas.org.cn/LAS/publish/queryOrgInfo1.action?id=8c42bfa436aa46689568e90fa343b773
130,https://las.cnas.org.cn/LAS/publish/queryOrgInfo1.action?id=8b0d771faec544c2a36132c4ad3d5ae8
131,https://las.cnas.org.cn/LAS/publish/queryOrgInfo1.action?id=01d134d95dbc4b7287a9d317104dc23a
132,https://las.cnas.org.cn/LAS/publish/queryOrgInfo1.action?id=14cb1e4792c34a4295ebbc5dbf0123f1
133,https://las.cnas.org.cn/LAS/publish/queryOrgInfo1.action?id=88a5676c13f64d398b347026dc5bfb6b
134,https://las.cnas.org.cn/LAS/publish/queryOrgInfo1.action?id=99d84eab3c05466aab126efe3f9f7579
135,https://las.cnas.org.cn/LAS/publish/queryOrgInfo1.action?id=96d021583aaa408ba85b23ce948c877f
136,https://las.cnas.org.cn/LAS/publish/queryOrgInfo1.action?id=0ed5554c4e7841f9906d983f0106df09
137,https://las.cnas.org.cn/LAS/publish/queryOrgInfo1.action?id=b8068bfea8324d148502e1b267b565f3
138,https://las.cnas.org.cn/LAS/publish/queryOrgInfo1.action?id=a624c8d4db404b47afea15a86dec0995
139,https://las.cnas.org.cn/LAS/publish/queryOrgInfo1.action?id=3b2f260f60af4f82a3fd8ed7b531215d
140,https://las.cnas.org.cn/LAS/publish/queryOrgInfo1.action?id=f5d40938e1a74c77b79262bb5efd5418
141,https://las.cnas.org.cn/LAS/publish/queryOrgInfo1.action?id=e3ab5604f15c453cb5560db2d2e64c61
142,https://las.cnas.org.cn/LAS/publish/queryOrgInfo1.action?id=1d5621f2ecc743a2bef83c42b9c8748c
143,https://las.cnas.org.cn/LAS/publish/queryOrgInfo1.action?id=1387a227304e401c8aaf8cb763f85525
144,https://las.cnas.org.cn/LAS/publish/queryOrgInfo1.action?id=5b45e5672a314bb7b47628a42999d28a
145,https://las.cnas.org.cn/LAS/publish/queryOrgInfo1.action?id=65030846192d41ca97816bfeb7f3242f
146,https://las.cnas.org.cn/LAS/publish/queryOrgInfo1.action?id=3b0ae571622d49e8b9b98d98b3d9e8b0
147,https://las.cnas.org.cn/LAS/publish/queryOrgInfo1.action?id=9cfb19ddba5a4197a48034198962e146
148,https://las.cnas.org.cn/LAS/publish/queryOrgInfo1.action?id=bd4932d1db3c48ec899ef904015cefa7
149,https://las.cnas.org.cn/LAS/publish/queryOrgInfo1.action?id=4af9265b335e4a20bb0acde6f74fc685
150,https://las.cnas.org.cn/LAS/publish/queryOrgInfo1.action?id=81c0d817d25243a382a55c176e735564
151,https://las.cnas.org.cn/LAS/publish/queryOrgInfo1.action?id=0332f38d4bad44c6a0335239c9c7dbf9
152,https://las.cnas.org.cn/LAS/publish/queryOrgInfo1.action?id=4063c393583b427aa7dbdaa02ed15045
153,https://las.cnas.org.cn/LAS/publish/queryOrgInfo1.action?id=f1c58ad1dd8746ee979bf1e885c833da
154,https://las.cnas.org.cn/LAS/publish/queryOrgInfo1.action?id=552598f27cb94607aa1a13922d0f00f9
155,https://las.cnas.org.cn/LAS/publish/queryOrgInfo1.action?id=62b363852dbc4842a5f4af593273160d
156,https://las.cnas.org.cn/LAS/publish/queryOrgInfo1.action?id=a6a94ddbaa1a42b6ac3b6ade4aa19549
157,https://las.cnas.org.cn/LAS/publish/queryOrgInfo1.action?id=170838b3635046f2b2032a4460e0e462
158,https://las.cnas.org.cn/LAS/publish/queryOrgInfo1.action?id=8e2b82045b324629aba6681dc743683a
159,https://las.cnas.org.cn/LAS/publish/queryOrgInfo1.action?id=89f7a5d36b2642dea0940f438f3a9a85
160,https://las.cnas.org.cn/LAS/publish/queryOrgInfo1.action?id=1b80c080a0644d1eac5ef629b333ca34
161,https://las.cnas.org.cn/LAS/publish/queryOrgInfo1.action?id=5bc919ff5b0346f99262e57bb65086c9
162,https://las.cnas.org.cn/LAS/publish/queryOrgInfo1.action?id=bbfcb884bf394e178c64cf284a38d755
163,https://las.cnas.org.cn/LAS/publish/queryOrgInfo1.action?id=8c0137539b7a4fa9857a51e80384b218
164,https://las.cnas.org.cn/LAS/publish/queryOrgInfo1.action?id=42d79172ff4b4cc5adb2210117b8283f
165,https://las.cnas.org.cn/LAS/publish/queryOrgInfo1.action?id=af5bdd50a7c04907a29520a3ed902f7d
166,https://las.cnas.org.cn/LAS/publish/queryOrgInfo1.action?id=93b85dd7f5a64273bbbe7aa2432fdc1c
167,https://las.cnas.org.cn/LAS/publish/queryOrgInfo1.action?id=f9db0c3a6f7c4fae85f2f4a3a9b56eec
168,https://las.cnas.org.cn/LAS/publish/queryOrgInfo1.action?id=a2b1861908d041f4b5d462371c79bc45
169,https://las.cnas.org.cn/LAS/publish/queryOrgInfo1.action?id=a3e3c712bd77468eb0675e2133edc959
170,https://las.cnas.org.cn/LAS/publish/queryOrgInfo1.action?id=7eb97087dc6d4cc4b167eadbb25fa528
171,https://las.cnas.org.cn/LAS/publish/queryOrgInfo1.action?id=282154c8bb9643c1b40593c7958d1310
172,https://las.cnas.org.cn/LAS/publish/queryOrgInfo1.action?id=357b99399825418493cf9a22f6635742
173,https://las.cnas.org.cn/LAS/publish/queryOrgInfo1.action?id=58425abd5886415d89d033b886088ebf
174,https://las.cnas.org.cn/LAS/publish/queryOrgInfo1.action?id=4a18b2b143e344588d9e453211bd08f6
175,https://las.cnas.org.cn/LAS/publish/queryOrgInfo1.action?id=64837aa4ddeb4dedad640a0e5436e6b8
176,https://las.cnas.org.cn/LAS/publish/queryOrgInfo1.action?id=8ab71d60a8a74f67957eafbe7cd23b8e
177,https://las.cnas.org.cn/LAS/publish/queryOrgInfo1.action?id=8ddc48c9e0704ae493a52221071dfba4
178,https://las.cnas.org.cn/LAS/publish/queryOrgInfo1.action?id=b8292531da46428e888e23cbcf47e0c4
179,https://las.cnas.org.cn/LAS/publish/queryOrgInfo1.action?id=bf6c709b7c2049c4a2e227639429e9ed
180,https://las.cnas.org.cn/LAS/publish/queryOrgInfo1.action?id=9c6b5eb5da9740d89a7ef8fe00526125
181,https://las.cnas.org.cn/LAS/publish/queryOrgInfo1.action?id=a9e03e67cb964800a8aa4dbc6369f428
182,https://las.cnas.org.cn/LAS/publish/queryOrgInfo1.action?id=084fbefc2b41485eac4ce68ba3a2610c
183,https://las.cnas.org.cn/LAS/publish/queryOrgInfo1.action?id=9087e15c36f54c6baab82412dd09e612
184,https://las.cnas.org.cn/LAS/publish/queryOrgInfo1.action?id=64047a5974ab45df805906bcb6c16787
185,https://las.cnas.org.cn/LAS/publish/queryOrgInfo1.action?id=1da88de49cc843b4bd6fc6d5d2e99a01
186,https://las.cnas.org.cn/LAS/publish/queryOrgInfo1.action?id=f846bbabf20241588c7c07176ea39bcc
187,https://las.cnas.org.cn/LAS/publish/queryOrgInfo1.action?id=94dfa896f5874041bb81b4e633b53ace
188,https://las.cnas.org.cn/LAS/publish/queryOrgInfo1.action?id=05149de01e924483ab687ecc01850941
189,https://las.cnas.org.cn/LAS/publish/queryOrgInfo1.action?id=93c2bbdbc9d94553b5777a50f8af49ec
190,https://las.cnas.org.cn/LAS/publish/queryOrgInfo1.action?id=7a20cd5831284c52b288ca543a8229fe
191,https://las.cnas.org.cn/LAS/publish/queryOrgInfo1.action?id=ef5519a767ee4e459ccacbc03137f690
192,https://las.cnas.org.cn/LAS/publish/queryOrgInfo1.action?id=16bfdafa39da4cfd979755dcd0357b7f
193,https://las.cnas.org.cn/LAS/publish/queryOrgInfo1.action?id=a7e6578312184dd6822ee1ca578077ba
194,https://las.cnas.org.cn/LAS/publish/queryOrgInfo1.action?id=295ba0f3ff374f10a1fa8b41a61d9d32
195,https://las.cnas.org.cn/LAS/publish/queryOrgInfo1.action?id=4c0f6483609c45f09fa65284658a6a62
196,https://las.cnas.org.cn/LAS/publish/queryOrgInfo1.action?id=70dc972ecdae4482b720f942acda22e2
197,https://las.cnas.org.cn/LAS/publish/queryOrgInfo1.action?id=f4b3f536deb2412b98e95da999fb0877
198,https://las.cnas.org.cn/LAS/publish/queryOrgInfo1.action?id=2c8d00d293e04bada6149cd956e4e5cb
199,https://las.cnas.org.cn/LAS/publish/queryOrgInfo1.action?id=162cf7515bac4bd893bcd76bda4424c0
200,https://las.cnas.org.cn/LAS/publish/queryOrgInfo1.action?id=bc63c370e66b4cb8b56c8c4dc12a1d55
201,https://las.cnas.org.cn/LAS/publish/queryOrgInfo1.action?id=c3f4e3423dcc407292dc221c8d909ccb
202,https://las.cnas.org.cn/LAS/publish/queryOrgInfo1.action?id=ebd45ee3b7ab4f76a42f762c12876e36
203,https://las.cnas.org.cn/LAS/publish/queryOrgInfo1.action?id=7f0540aee8494aaf9a629129551b8490
204,https://las.cnas.org.cn/LAS/publish/queryOrgInfo1.action?id=977462a593fc4056b4867958f1a8d157
205,https://las.cnas.org.cn/LAS/publish/queryOrgInfo1.action?id=c180f2316d6241f38ef7f0f766c726d9
206,https://las.cnas.org.cn/LAS/publish/queryOrgInfo1.action?id=edfccb1b06bc46629b43163cf72edc3a
207,https://las.cnas.org.cn/LAS/publish/queryOrgInfo1.action?id=d1df90297150497b8b9593dc035df16e
208,https://las.cnas.org.cn/LAS/publish/queryOrgInfo1.action?id=ddc8ba2ef6d741268664f04713630d6b
209,https://las.cnas.org.cn/LAS/publish/queryOrgInfo1.action?id=b506644e379340eb8d396923fa645c1c
210,https://las.cnas.org.cn/LAS/publish/queryOrgInfo1.action?id=82cdcde92d6c46b8b36daef8a5c8f2c8
211,https://las.cnas.org.cn/LAS/publish/queryOrgInfo1.action?id=df00a9f7d9354a208d155c38f4022428
212,https://las.cnas.org.cn/LAS/publish/queryOrgInfo1.action?id=d23cf401a02c4267a5e57bc8b555df62
213,https://las.cnas.org.cn/LAS/publish/queryOrgInfo1.action?id=da993bdd83f7423cb6cc7febd839a14c
214,https://las.cnas.org.cn/LAS/publish/queryOrgInfo1.action?id=33e3111d03014aa4b67931dba25ae4d6
215,https://las.cnas.org.cn/LAS/publish/queryOrgInfo1.action?id=d3a8e82ae123484a85af73430c730eb1
216,https://las.cnas.org.cn/LAS/publish/queryOrgInfo1.action?id=39f3f7da6f804e33a3e69ff56728b4d7
217,https://las.cnas.org.cn/LAS/publish/queryOrgInfo1.action?id=e387c9bb1a1648469bafe2df9290a45f
218,https://las.cnas.org.cn/LAS/publish/queryOrgInfo1.action?id=15e86f0ef6b944c29be7d2c5c62e3707
219,https://las.cnas.org.cn/LAS/publish/queryOrgInfo1.action?id=c39d0009fd6d4ca281098d1ebcc88a3a
220,https://las.cnas.org.cn/LAS/publish/queryOrgInfo1.action?id=d14a2b0c3e234d34a7438f9896cddd3b
221,https://las.cnas.org.cn/LAS/publish/queryOrgInfo1.action?id=6782c68fb49c48e584101f2746edd618
222,https://las.cnas.org.cn/LAS/publish/queryOrgInfo1.action?id=3d9a664747d140778be437cf1b4efb8f
223,https://las.cnas.org.cn/LAS/publish/queryOrgInfo1.action?id=26a16124e891450ba83e3eeee1dd130c
224,https://las.cnas.org.cn/LAS/publish/queryOrgInfo1.action?id=335876b5a49d4c659962b07499a4f161
225,https://las.cnas.org.cn/LAS/publish/queryOrgInfo1.action?id=66ec0b8c31a543fa85e7e751f09d66e2
226,https://las.cnas.org.cn/LAS/publish/queryOrgInfo1.action?id=6080bf8838af4596b323bf6b690363c6
227,https://las.cnas.org.cn/LAS/publish/queryOrgInfo1.action?id=bea4885f98b74774b1657488664a3318
228,https://las.cnas.org.cn/LAS/publish/queryOrgInfo1.action?id=7e408430190644b5a33c4147e6b98375
229,https://las.cnas.org.cn/LAS/publish/queryOrgInfo1.action?id=7ad7276c8aaa402495af124bb6d60f19
230,https://las.cnas.org.cn/LAS/publish/queryOrgInfo1.action?id=89a0d025513541dfbca52fb8aab36e01
231,https://las.cnas.org.cn/LAS/publish/queryOrgInfo1.action?id=db674edfbaf04f8099917d5ba934e18b
232,https://las.cnas.org.cn/LAS/publish/queryOrgInfo1.action?id=efd7f6cbefe34676816d5f01be74ca88
233,https://las.cnas.org.cn/LAS/publish/queryOrgInfo1.action?id=96758d3466984a598f6bc455097e0e26
234,https://las.cnas.org.cn/LAS/publish/queryOrgInfo1.action?id=291f21b9e79a4b6baeeb47d9a03bb678
235,https://las.cnas.org.cn/LAS/publish/queryOrgInfo1.action?id=13870a3b6f6e4ec6b310da90f5652b9f
236,https://las.cnas.org.cn/LAS/publish/queryOrgInfo1.action?id=2d322e4be4c249acadc3352ba21d847c
237,https://las.cnas.org.cn/LAS/publish/queryOrgInfo1.action?id=16fb02aa1f03438a873479b52f995fc8
238,https://las.cnas.org.cn/LAS/publish/queryOrgInfo1.action?id=6d4b5a0575664226bbe07fdcb7284293
239,https://las.cnas.org.cn/LAS/publish/queryOrgInfo1.action?id=6080bf8838af4596b323bf6b690363c6
240,https://las.cnas.org.cn/LAS/publish/queryOrgInfo1.action?id=a7f6411d1e8d430b9167fa399779014d
241,https://las.cnas.org.cn/LAS/publish/queryOrgInfo1.action?id=73587deb3a1e4926991e5f2b0b8478d5
242,https://las.cnas.org.cn/LAS/publish/queryOrgInfo1.action?id=cde39c76f41b4c1db0275b3add11e8dc
243,https://las.cnas.org.cn/LAS/publish/queryOrgInfo1.action?id=a1296e4e4def45219bb8118a0c25fe78
244,https://las.cnas.org.cn/LAS/publish/queryOrgInfo1.action?id=25b7297a077747bd8e2c9dd93eebcb9f
245,https://las.cnas.org.cn/LAS/publish/queryOrgInfo1.action?id=da76abcfbc9241c49e36e38628420315
246,https://las.cnas.org.cn/LAS/publish/queryOrgInfo1.action?id=bb94ab6f1c984aac89d9affe71ec992b
247,https://las.cnas.org.cn/LAS/publish/queryOrgInfo1.action?id=8fe27046e7764b4986be22e563139bdb
248,https://las.cnas.org.cn/LAS/publish/queryOrgInfo1.action?id=ddaa379774624f2d942bf6cb0f5f243b
249,https://las.cnas.org.cn/LAS/publish/queryOrgInfo1.action?id=c2818e787d194cf2a7cea19649c09434
250,https://las.cnas.org.cn/LAS/publish/queryOrgInfo1.action?id=7888cf106336432ab5fce9ba57897b36
251,https://las.cnas.org.cn/LAS/publish/queryOrgInfo1.action?id=f8e97a049efb49708fed56307520617a
252,https://las.cnas.org.cn/LAS/publish/queryOrgInfo1.action?id=7621aba1d3434756945f213624327bd9
253,https://las.cnas.org.cn/LAS/publish/queryOrgInfo1.action?id=8292e164e2024aba89538eddd65c5ac4
254,https://las.cnas.org.cn/LAS/publish/queryOrgInfo1.action?id=cb96a3cf32c346e5b081a50d711ce427
255,https://las.cnas.org.cn/LAS/publish/queryOrgInfo1.action?id=f4c0a097c38240b09fcb97240cd376c8
256,https://las.cnas.org.cn/LAS/publish/queryOrgInfo1.action?id=050128a311d94e778c63c46fb2d086f6
257,https://las.cnas.org.cn/LAS/publish/queryOrgInfo1.action?id=7fa5306940e447d88e23cb3d656bfc29
258,https://las.cnas.org.cn/LAS/publish/queryOrgInfo1.action?id=61e9ab82edfd4c95aa2af8a78f6346e2
259,https://las.cnas.org.cn/LAS/publish/queryOrgInfo1.action?id=891db3fcf20e439eb623d41491633e6a
260,https://las.cnas.org.cn/LAS/publish/queryOrgInfo1.action?id=417a48ea618f45efae351da24248cabc
261,https://las.cnas.org.cn/LAS/publish/queryOrgInfo1.action?id=0781309dd0c845edbc1e9c3c08703f0d
262,https://las.cnas.org.cn/LAS/publish/queryOrgInfo1.action?id=7a05b8519c1946a48871bd8f59e777be
263,https://las.cnas.org.cn/LAS/publish/queryOrgInfo1.action?id=1cd1ac9e258e4d3494246ecdbe2fcb3a
264,https://las.cnas.org.cn/LAS/publish/queryOrgInfo1.action?id=0257a974e3fb4b4684c0378cd56f013c
265,https://las.cnas.org.cn/LAS/publish/queryOrgInfo1.action?id=37b07e349a7c43139faf002a8b8c0ae1
266,https://las.cnas.org.cn/LAS/publish/queryOrgInfo1.action?id=efde4c55babf42b488db53bff557700c
267,https://las.cnas.org.cn/LAS/publish/queryOrgInfo1.action?id=61f5c5c6aa2a42ce974650fc40bbe52e
268,https://las.cnas.org.cn/LAS/publish/queryOrgInfo1.action?id=8d55490360774bdc97f7cc9a48813f0d
269,https://las.cnas.org.cn/LAS/publish/queryOrgInfo1.action?id=b3c680f37d90485cb05a950b8a9dad18
270,https://las.cnas.org.cn/LAS/publish/queryOrgInfo1.action?id=46e7ef101ba443f49a9b50a25444376f
271,https://las.cnas.org.cn/LAS/publish/queryOrgInfo1.action?id=2223babcfd8f4da38694915447381cce
272,https://las.cnas.org.cn/LAS/publish/queryOrgInfo1.action?id=8a9d1261b484429ea05a52ce7c66b7b5
273,https://las.cnas.org.cn/LAS/publish/queryOrgInfo1.action?id=c9536fb2ec7a4ed0b04bc382ccfa29d9
274,https://las.cnas.org.cn/LAS/publish/queryOrgInfo1.action?id=2be4c19751bd43e59dc35faf38ef54ab
275,https://las.cnas.org.cn/LAS/publish/queryOrgInfo1.action?id=e9a2d579ecde4aedb5257d00df4e20a0
276,https://las.cnas.org.cn/LAS/publish/queryOrgInfo1.action?id=ff9e5570ae6f49dfaf256246291b87ca
277,https://las.cnas.org.cn/LAS/publish/queryOrgInfo1.action?id=eab32bb7b02f45a8b833257a3e28cfb0
278,https://las.cnas.org.cn/LAS/publish/queryOrgInfo1.action?id=1bde952c5b594379b2a327010ed93c6e
279,https://las.cnas.org.cn/LAS/publish/queryOrgInfo1.action?id=6d495dedd75148e3b86ea875c9ed5ea4
280,https://las.cnas.org.cn/LAS/publish/queryOrgInfo1.action?id=43e29212d3594e2dad9eba22d4a16ead
281,https://las.cnas.org.cn/LAS/publish/queryOrgInfo1.action?id=e2593b8f0cd347dd94ecb7b0c2994bfd
282,https://las.cnas.org.cn/LAS/publish/queryOrgInfo1.action?id=491e2f691cd74fb682338c0d4521d083
283,https://las.cnas.org.cn/LAS/publish/queryOrgInfo1.action?id=3bb0cd6bebc54a13bbb5b47ff40908ad
284,https://las.cnas.org.cn/LAS/publish/queryOrgInfo1.action?id=370f85e5a81e4183b24da49c2364d0e3
285,https://las.cnas.org.cn/LAS/publish/queryOrgInfo1.action?id=1ce094d965cc43cfb31cccb2ff735d66
286,https://las.cnas.org.cn/LAS/publish/queryOrgInfo1.action?id=b84513802b2b4d82bc9201a88f2c1cde
287,https://las.cnas.org.cn/LAS/publish/queryOrgInfo1.action?id=916d77aeb41242f0bbdb04cca21fd0c5
288,https://las.cnas.org.cn/LAS/publish/queryOrgInfo1.action?id=d93df25afa7b497a80c5a5647e065437
289,https://las.cnas.org.cn/LAS/publish/queryOrgInfo1.action?id=c153cf6d6b2346f5909fbdb4a1d85e03
290,https://las.cnas.org.cn/LAS/publish/queryOrgInfo1.action?id=fe392faa482e4cdea183930d970e434c
291,https://las.cnas.org.cn/LAS/publish/queryOrgInfo1.action?id=b01a8a5fd6774d3dbe262595e3db0bea
292,https://las.cnas.org.cn/LAS/publish/queryOrgInfo1.action?id=1b2a36b9bb514f3db413866d5d17db9c
293,https://las.cnas.org.cn/LAS/publish/queryOrgInfo1.action?id=5064277379e64aeca8b8509602bca73a
294,https://las.cnas.org.cn/LAS/publish/queryOrgInfo1.action?id=98e36fb29b1147fe8060e3acb23dd4a0
295,https://las.cnas.org.cn/LAS/publish/queryOrgInfo1.action?id=f5d6abe6c00141fb8f0a10eb8db031e8
296,https://las.cnas.org.cn/LAS/publish/queryOrgInfo1.action?id=70c9ec5c199a4177abd3a7f0500ab8ea
297,https://las.cnas.org.cn/LAS/publish/queryOrgInfo1.action?id=0bcd0cb9ff584e7594f5b173e6070609
298,https://las.cnas.org.cn/LAS/publish/queryOrgInfo1.action?id=b96c1cf8915e42b1b21755e8f3c0fdc4
299,https://las.cnas.org.cn/LAS/publish/queryOrgInfo1.action?id=e9a69a2973ae4f75ac544120f798a696
300,https://las.cnas.org.cn/LAS/publish/queryOrgInfo1.action?id=c897ce26a7af40baa4144b199b202d32
301,https://las.cnas.org.cn/LAS/publish/queryOrgInfo1.action?id=1e504258d47d471d8a052bd51c1d0def
302,https://las.cnas.org.cn/LAS/publish/queryOrgInfo1.action?id=e88686927f484f389721e34c65f12329
303,https://las.cnas.org.cn/LAS/publish/queryOrgInfo1.action?id=7729da6aced441448fad44936aac3044
304,https://las.cnas.org.cn/LAS/publish/queryOrgInfo1.action?id=3a71fac10dcf41599d80069e193ca57d
305,https://las.cnas.org.cn/LAS/publish/queryOrgInfo1.action?id=2e6c4355596f4b829d5f19afc8f3fb87
306,https://las.cnas.org.cn/LAS/publish/queryOrgInfo1.action?id=f3f4a9b3fab94ccab4d471edfd180946
307,https://las.cnas.org.cn/LAS/publish/queryOrgInfo1.action?id=ab63635494844ff29eca1e31efbc2281
308,https://las.cnas.org.cn/LAS/publish/queryOrgInfo1.action?id=3f2c4f453219494ab616aa4c8b84d215
309,https://las.cnas.org.cn/LAS/publish/queryOrgInfo1.action?id=7c7c077bf2714f869fe754b0cb44da83
310,https://las.cnas.org.cn/LAS/publish/queryOrgInfo1.action?id=35032870160444a5b604e0736d4df365
311,https://las.cnas.org.cn/LAS/publish/queryOrgInfo1.action?id=00b4dd87b1924350850aa0e6b4abf1f6
312,https://las.cnas.org.cn/LAS/publish/queryOrgInfo1.action?id=441cec7fa315447b828d358bc870c286
313,https://las.cnas.org.cn/LAS/publish/queryOrgInfo1.action?id=d1c001a2a97e46e4a7a3a7ec5b39e4a4
314,https://las.cnas.org.cn/LAS/publish/queryOrgInfo1.action?id=72d9b7e8c8d24c68805370f103c3803f
315,https://las.cnas.org.cn/LAS/publish/queryOrgInfo1.action?id=82b0f03e4e044ed8b75b8d2341558b80
316,https://las.cnas.org.cn/LAS/publish/queryOrgInfo1.action?id=b8791fc6a2be438eba5c137cb3c02c8e
317,https://las.cnas.org.cn/LAS/publish/queryOrgInfo1.action?id=eaded27d8789497ebd8c903e0ee8c800
318,https://las.cnas.org.cn/LAS/publish/queryOrgInfo1.action?id=caffd87cba8f4867bdedd5bc0f4c203f
319,https://las.cnas.org.cn/LAS/publish/queryOrgInfo1.action?id=9fb67d4e368d48aaa8968d847387bfc9
320,https://las.cnas.org.cn/LAS/publish/queryOrgInfo1.action?id=0d51e60d3a8f4dff8895f24c80712119
321,https://las.cnas.org.cn/LAS/publish/queryOrgInfo1.action?id=2c5626ff0d43414ab2ebb92ba22e15a3
322,https://las.cnas.org.cn/LAS/publish/queryOrgInfo1.action?id=9ae844789df545e98d3776472a4dc175
323,https://las.cnas.org.cn/LAS/publish/queryOrgInfo1.action?id=5d43a05ecac2472abfc1981c7a6b58e3
324,https://las.cnas.org.cn/LAS/publish/queryOrgInfo1.action?id=6d662005dbdc4a889dd7f24081c70d48
325,https://las.cnas.org.cn/LAS/publish/queryOrgInfo1.action?id=811a368e0bb94a3cb97a6d131f3dfd8a
326,https://las.cnas.org.cn/LAS/publish/queryOrgInfo1.action?id=b6fb102f60c24a16b3c1354e7c3b95b2
327,https://las.cnas.org.cn/LAS/publish/queryOrgInfo1.action?id=2e0a053699fd43a1acadd16839c12ab5
328,https://las.cnas.org.cn/LAS/publish/queryOrgInfo1.action?id=9e2ede7c42884fc6ad2952e5770bb658
329,https://las.cnas.org.cn/LAS/publish/queryOrgInfo1.action?id=379de1e848144ec39ebfdc3d421714d9
330,https://las.cnas.org.cn/LAS/publish/queryOrgInfo1.action?id=2e08f2c660864b1b9016ae1a1984663b
331,https://las.cnas.org.cn/LAS/publish/queryOrgInfo1.action?id=1d3110ad11274918881b56ba6b51d246
332,https://las.cnas.org.cn/LAS/publish/queryOrgInfo1.action?id=67780581af6442f6ac9a18f1b81bd4b2
333,https://las.cnas.org.cn/LAS/publish/queryOrgInfo1.action?id=e79799f8e1944cde8e67b6f00876fcbe
334,https://las.cnas.org.cn/LAS/publish/queryOrgInfo1.action?id=970d1ea6d5864095b7625ad981bcad4a
335,https://las.cnas.org.cn/LAS/publish/queryOrgInfo1.action?id=6169f88fd5a8413c9473696e362a69f0
336,https://las.cnas.org.cn/LAS/publish/queryOrgInfo1.action?id=674136da6894437e99c2e63df53b16b4
337,https://las.cnas.org.cn/LAS/publish/queryOrgInfo1.action?id=095b993ed85f4d4d9496d4cac303184c
338,https://las.cnas.org.cn/LAS/publish/queryOrgInfo1.action?id=de8fcddf25734d56b1df89443c2d43c3
339,https://las.cnas.org.cn/LAS/publish/queryOrgInfo1.action?id=b463395eaa5d4221a1d42c4714213408
340,https://las.cnas.org.cn/LAS/publish/queryOrgInfo1.action?id=c88e11d779404d54b88e5f39400da804
341,https://las.cnas.org.cn/LAS/publish/queryOrgInfo1.action?id=48bbc20b9e84420a805d4e7e0a560dbe
342,https://las.cnas.org.cn/LAS/publish/queryOrgInfo1.action?id=135293790b234d4ca76ca2f553c1f5af
343,https://las.cnas.org.cn/LAS/publish/queryOrgInfo1.action?id=039f779eb4514d9cb5c281902c0e58fb
344,https://las.cnas.org.cn/LAS/publish/queryOrgInfo1.action?id=48c93848e0aa4fcf9a1e99284433fab8
345,https://las.cnas.org.cn/LAS/publish/queryOrgInfo1.action?id=bd47cdf32eb84c14aaa6e41db326a36d
346,https://las.cnas.org.cn/LAS/publish/queryOrgInfo1.action?id=004294a0017549be9dfb46feac670b2b
347,https://las.cnas.org.cn/LAS/publish/queryOrgInfo1.action?id=cbea3c091bd54d03857403bcc4660d0c
348,https://las.cnas.org.cn/LAS/publish/queryOrgInfo1.action?id=140efaabd09c4c72abfc67f2e9513330
349,https://las.cnas.org.cn/LAS/publish/queryOrgInfo1.action?id=c2333cf9aa1b4731a45da3a1f17a519b
350,https://las.cnas.org.cn/LAS/publish/queryOrgInfo1.action?id=99919d1deca04dbb907dc44cccbe3119
351,https://las.cnas.org.cn/LAS/publish/queryOrgInfo1.action?id=de37550090b047a09fb300a9ed5a5555
352,https://las.cnas.org.cn/LAS/publish/queryOrgInfo1.action?id=731f80f127294a94808f13d4c008408b
353,https://las.cnas.org.cn/LAS/publish/queryOrgInfo1.action?id=b37f4e9166a548738ee1aedb61a00050
354,https://las.cnas.org.cn/LAS/publish/queryOrgInfo1.action?id=5da7ddd3fd7142a4bd7e5af34324e6c0
355,https://las.cnas.org.cn/LAS/publish/queryOrgInfo1.action?id=6239b19adabe41379bb79c3440b63e8f
356,https://las.cnas.org.cn/LAS/publish/queryOrgInfo1.action?id=d966a521e7254a32a4f4157f236d30b0
357,https://las.cnas.org.cn/LAS/publish/queryOrgInfo1.action?id=99e20ba0fa964c0fb3fe37107b39506f
358,https://las.cnas.org.cn/LAS/publish/queryOrgInfo1.action?id=92cbee1d373e48139c8377baefa3d428
359,https://las.cnas.org.cn/LAS/publish/queryOrgInfo1.action?id=176b35c38ebf4c2e803a6c19e8db8f3e
360,https://las.cnas.org.cn/LAS/publish/queryOrgInfo1.action?id=0d5752c7a3494275a9b3ff98a627841c
361,https://las.cnas.org.cn/LAS/publish/queryOrgInfo1.action?id=82e423205bee40b18ad09cc2203c552c
362,https://las.cnas.org.cn/LAS/publish/queryOrgInfo1.action?id=3bac10519e564aa78ee27e348b8a80bd
363,https://las.cnas.org.cn/LAS/publish/queryOrgInfo1.action?id=25dd3e7ddebf452491a1988c03d17143
364,https://las.cnas.org.cn/LAS/publish/queryOrgInfo1.action?id=6d30dc5be89d4df1be89290841ee2e14
365,https://las.cnas.org.cn/LAS/publish/queryOrgInfo1.action?id=f90df10f54704a0eb3d06d16a87a131c
366,https://las.cnas.org.cn/LAS/publish/queryOrgInfo1.action?id=135293790b234d4ca76ca2f553c1f5af
367,https://las.cnas.org.cn/LAS/publish/queryOrgInfo1.action?id=039f779eb4514d9cb5c281902c0e58fb
368,https://las.cnas.org.cn/LAS/publish/queryOrgInfo1.action?id=dd3cfb198ca748af818b3932a75e8fba
369,https://las.cnas.org.cn/LAS/publish/queryOrgInfo1.action?id=e48eca9e391844d3a47483d5d3c3724e
370,https://las.cnas.org.cn/LAS/publish/queryOrgInfo1.action?id=8f1d834ad8a94ea8b9cebb3ceaa05bae
371,https://las.cnas.org.cn/LAS/publish/queryOrgInfo1.action?id=830e22bf85444391929742a7aec7c819
372,https://las.cnas.org.cn/LAS/publish/queryOrgInfo1.action?id=bd96713904e449b8a4a4727d90871d36
373,https://las.cnas.org.cn/LAS/publish/queryOrgInfo1.action?id=df09a1c7163741aabedf3614f883df55
374,https://las.cnas.org.cn/LAS/publish/queryOrgInfo1.action?id=c988015a240d414caaaa70e124d79794
375,https://las.cnas.org.cn/LAS/publish/queryOrgInfo1.action?id=1846deb88ec7448398926bd65d4466db
376,https://las.cnas.org.cn/LAS/publish/queryOrgInfo1.action?id=48e083eafda34d62b7e0467c16841d84
377,https://las.cnas.org.cn/LAS/publish/queryOrgInfo1.action?id=b36f9b2b570b4b4dbee550846a4f69a4
378,https://las.cnas.org.cn/LAS/publish/queryOrgInfo1.action?id=5d42daa4b9e24049a7eef7b80a62ec27
379,https://las.cnas.org.cn/LAS/publish/queryOrgInfo1.action?id=a12077f527e04f00b893a767f64db4e3
380,https://las.cnas.org.cn/LAS/publish/queryOrgInfo1.action?id=dd3cfb198ca748af818b3932a75e8fba
381,https://las.cnas.org.cn/LAS/publish/queryOrgInfo1.action?id=141aadc9b5804dd79e5bf450672d7345
382,https://las.cnas.org.cn/LAS/publish/queryOrgInfo1.action?id=0ac5f6cdf85a45c8b26d122b19d46c2d
383,https://las.cnas.org.cn/LAS/publish/queryOrgInfo1.action?id=478954aa79064e8aa1d2f51bc72c62b8
384,https://las.cnas.org.cn/LAS/publish/queryOrgInfo1.action?id=02abd5c78ee343d39eea50c9ebbc03fd
385,https://las.cnas.org.cn/LAS/publish/queryOrgInfo1.action?id=08b7045f633e44e7857ed7719e07cbe7
386,https://las.cnas.org.cn/LAS/publish/queryOrgInfo1.action?id=f80093b8e78543aeb9ded37a0074446e
387,https://las.cnas.org.cn/LAS/publish/queryOrgInfo1.action?id=dc2793667a1a4de5ae414ecb45cf1ae8
388,https://las.cnas.org.cn/LAS/publish/queryOrgInfo1.action?id=f9d6db460ae84ad799a115dc29cc7cb4
389,https://las.cnas.org.cn/LAS/publish/queryOrgInfo1.action?id=e0522b0f27054a9fa68cb948ce1d00a7
390,https://las.cnas.org.cn/LAS/publish/queryOrgInfo1.action?id=86f44443b3f445219187f2166a034eb7
391,https://las.cnas.org.cn/LAS/publish/queryOrgInfo1.action?id=5c91866ac1b247feac941c15113ec60c
392,https://las.cnas.org.cn/LAS/publish/queryOrgInfo1.action?id=b6f962ac718b4e679f83b9cbd8d3e52a
393,https://las.cnas.org.cn/LAS/publish/queryOrgInfo1.action?id=9b68e1785c2043ada106ba9f215e5969
394,https://las.cnas.org.cn/LAS/publish/queryOrgInfo1.action?id=2779d9169ff74c5aac284cf5d50f2f87
395,https://las.cnas.org.cn/LAS/publish/queryOrgInfo1.action?id=e68c947c1caf4d468774dabc3bb067f2
396,https://las.cnas.org.cn/LAS/publish/queryOrgInfo1.action?id=6f48e63ceffb496380fa161c6959e165
397,https://las.cnas.org.cn/LAS/publish/queryOrgInfo1.action?id=118bc6f9af33433da0b908d4500e5705
398,https://las.cnas.org.cn/LAS/publish/queryOrgInfo1.action?id=f8eaaba538fe469096522a097af70c5e
399,https://las.cnas.org.cn/LAS/publish/queryOrgInfo1.action?id=46f91354a81e4037920819d13ed16b29
400,https://las.cnas.org.cn/LAS/publish/queryOrgInfo1.action?id=6a9751380c524cd49e0dddb84d663ae0
401,https://las.cnas.org.cn/LAS/publish/queryOrgInfo1.action?id=cb653ac1f2794af1ad91da6a81307696
402,https://las.cnas.org.cn/LAS/publish/queryOrgInfo1.action?id=9d5a8b5e5d7947ed942bd979eba24dbb
403,https://las.cnas.org.cn/LAS/publish/queryOrgInfo1.action?id=826ddca1b99f43a7b61341f6f7490548
404,https://las.cnas.org.cn/LAS/publish/queryOrgInfo1.action?id=66f76ee52f914bb38d5b37d91a3eb2af
405,https://las.cnas.org.cn/LAS/publish/queryOrgInfo1.action?id=7758380417a44dd0947afb9837d3cb8e
406,https://las.cnas.org.cn/LAS/publish/queryOrgInfo1.action?id=5e1ac25d420d4272a21afffb95695f21
407,https://las.cnas.org.cn/LAS/publish/queryOrgInfo1.action?id=3ae97204a2d9439d950bfa580321a942
408,https://las.cnas.org.cn/LAS/publish/queryOrgInfo1.action?id=1a1f824e5d8640528e015b0283128e47
409,https://las.cnas.org.cn/LAS/publish/queryOrgInfo1.action?id=394a0d58b47a421e990731f4c972d85c
410,https://las.cnas.org.cn/LAS/publish/queryOrgInfo1.action?id=616192f409e1471e9d08b7bc4836fc72
411,https://las.cnas.org.cn/LAS/publish/queryOrgInfo1.action?id=0a85d47dbcd648c182399cfe175dd28b
412,https://las.cnas.org.cn/LAS/publish/queryOrgInfo1.action?id=e155bf5514b54f7987dd8c393f4341f8
413,https://las.cnas.org.cn/LAS/publish/queryOrgInfo1.action?id=99ec650bbb734de799818a23b28b2e09
414,https://las.cnas.org.cn/LAS/publish/queryOrgInfo1.action?id=6b50ece75d9c46ba95493e2f7bc1714c
415,https://las.cnas.org.cn/LAS/publish/queryOrgInfo1.action?id=3aa9235d82b84298b4631cc3bea2759e
416,https://las.cnas.org.cn/LAS/publish/queryOrgInfo1.action?id=f61ca02176114e3a9987dc5d20a3fdcd
417,https://las.cnas.org.cn/LAS/publish/queryOrgInfo1.action?id=6e5858b9dd594660945bbc11b4373bb1
418,https://las.cnas.org.cn/LAS/publish/queryOrgInfo1.action?id=edb9a879ef314756bca34e7962a14dec
419,https://las.cnas.org.cn/LAS/publish/queryOrgInfo1.action?id=7b2f663534e942328a346c5bfee9f5f3
420,https://las.cnas.org.cn/LAS/publish/queryOrgInfo1.action?id=97a980631991415a9fb4c004b86aa882
421,https://las.cnas.org.cn/LAS/publish/queryOrgInfo1.action?id=9bc56516c56046f8a4afe3dbecb54516
422,https://las.cnas.org.cn/LAS/publish/queryOrgInfo1.action?id=23ffa4c0102b488390248010484ee7dd
423,https://las.cnas.org.cn/LAS/publish/queryOrgInfo1.action?id=28a06afd4ccc4287bc5572908735bee9
424,https://las.cnas.org.cn/LAS/publish/queryOrgInfo1.action?id=b7309b156fdf45f7b5527820da285c03
425,https://las.cnas.org.cn/LAS/publish/queryOrgInfo1.action?id=51734c5959d64f6f980baf7de8a79c6c
426,https://las.cnas.org.cn/LAS/publish/queryOrgInfo1.action?id=344622e867474b04976105ff867d3f91
427,https://las.cnas.org.cn/LAS/publish/queryOrgInfo1.action?id=0d376b45abb14495ad173d028ba2dd9b
428,https://las.cnas.org.cn/LAS/publish/queryOrgInfo1.action?id=4da902179a534bbfb7d85f579e8e75e9
429,https://las.cnas.org.cn/LAS/publish/queryOrgInfo1.action?id=5280e1a3a443439db5e8c9d77432e442
430,https://las.cnas.org.cn/LAS/publish/queryOrgInfo1.action?id=981e10d59b044654b9880a835aa9a9ac
431,https://las.cnas.org.cn/LAS/publish/queryOrgInfo1.action?id=066e479b569947d3874225eae7ffab60
432,https://las.cnas.org.cn/LAS/publish/queryOrgInfo1.action?id=aac7472d698f4316a362a9c4dd6da66f
433,https://las.cnas.org.cn/LAS/publish/queryOrgInfo1.action?id=52e18eb94861422d8062594ed0807188
434,https://las.cnas.org.cn/LAS/publish/queryOrgInfo1.action?id=b7078fa33c1f4539b2ffb955eee8ae7b
435,https://las.cnas.org.cn/LAS/publish/queryOrgInfo1.action?id=003c52636b284f55bf2feb6e74300ea4
436,https://las.cnas.org.cn/LAS/publish/queryOrgInfo1.action?id=bc498ffff7f040abbed6081ad019397f
437,https://las.cnas.org.cn/LAS/publish/queryOrgInfo1.action?id=f9d9d71847b041e58838f752e0fd97f6
438,https://las.cnas.org.cn/LAS/publish/queryOrgInfo1.action?id=42330aa5e8ad48f1a9f7ae462156112d
439,https://las.cnas.org.cn/LAS/publish/queryOrgInfo1.action?id=76196aebdc6d42468b57305ac3f164b7
440,https://las.cnas.org.cn/LAS/publish/queryOrgInfo1.action?id=c5cdcbf0ba3649bc9fab248d5564be8b
441,https://las.cnas.org.cn/LAS/publish/queryOrgInfo1.action?id=e0a4e6c5fad54315ba789e16b2dcc23c
442,https://las.cnas.org.cn/LAS/publish/queryOrgInfo1.action?id=104a0a3294c74de6bb908fe2152b47ed
443,https://las.cnas.org.cn/LAS/publish/queryOrgInfo1.action?id=7637e1f46a6b49c69060049ee0c76d94
444,https://las.cnas.org.cn/LAS/publish/queryOrgInfo1.action?id=ca821a3526324ed5a7b5b9ed20c110f8
445,https://las.cnas.org.cn/LAS/publish/queryOrgInfo1.action?id=c91be577b02f4c48baeb8a31a6a9be58
446,https://las.cnas.org.cn/LAS/publish/queryOrgInfo1.action?id=2a4cb81f0ceb47209f3f2132a23e4ec6
447,https://las.cnas.org.cn/LAS/publish/queryOrgInfo1.action?id=74ab2e9bda464eef9ef4e8ff059abfa1
448,https://las.cnas.org.cn/LAS/publish/queryOrgInfo1.action?id=15728b27219c449ca4dac16a74e406f8
449,https://las.cnas.org.cn/LAS/publish/queryOrgInfo1.action?id=f7942b050bfe4233b6b68b030de5d5fd
450,https://las.cnas.org.cn/LAS/publish/queryOrgInfo1.action?id=76e36ceae27c493594aada4c578a0995
451,https://las.cnas.org.cn/LAS/publish/queryOrgInfo1.action?id=6d30f7db2c074225a35d2b37e491880b
452,https://las.cnas.org.cn/LAS/publish/queryOrgInfo1.action?id=8b8d86903d914a9997359952adf4ad29
453,https://las.cnas.org.cn/LAS/publish/queryOrgInfo1.action?id=6f900f361c924ec79196dbde46d7aaf5
454,https://las.cnas.org.cn/LAS/publish/queryOrgInfo1.action?id=19467b3745ea4812901b0d4a3c64cafe
455,https://las.cnas.org.cn/LAS/publish/queryOrgInfo1.action?id=470a5f7a6ce348569752908f7dceaef4
456,https://las.cnas.org.cn/LAS/publish/queryOrgInfo1.action?id=775d4c57ee324de3afc4d472621da5be
457,https://las.cnas.org.cn/LAS/publish/queryOrgInfo1.action?id=b1183f4a59ba427f9bc107d503c184d1
458,https://las.cnas.org.cn/LAS/publish/queryOrgInfo1.action?id=121f5b8d77894743af9c7a0bcfbdd0c4
459,https://las.cnas.org.cn/LAS/publish/queryOrgInfo1.action?id=b455d746f61f45639db78c469813e353
460,https://las.cnas.org.cn/LAS/publish/queryOrgInfo1.action?id=6981c4e287dd4bda91782cb94296a4df
461,https://las.cnas.org.cn/LAS/publish/queryOrgInfo1.action?id=0b5dc934bb474da5a05d684014e29b36
462,https://las.cnas.org.cn/LAS/publish/queryOrgInfo1.action?id=acb7728aaab44e11be4a7838a8421e92
463,https://las.cnas.org.cn/LAS/publish/queryOrgInfo1.action?id=dc84912be873470695f6176a831d7ff0
464,https://las.cnas.org.cn/LAS/publish/queryOrgInfo1.action?id=eed4cf34cff74f6687f1aed308f2b411
465,https://las.cnas.org.cn/LAS/publish/queryOrgInfo1.action?id=fe491d7687dc49f59eb783451dc3b02c
466,https://las.cnas.org.cn/LAS/publish/queryOrgInfo1.action?id=d5b0c722ab364541b4a3178f6e14c6c5
467,https://las.cnas.org.cn/LAS/publish/queryOrgInfo1.action?id=b63b8ca5c99742148fa781093a9380fb
468,https://las.cnas.org.cn/LAS/publish/queryOrgInfo1.action?id=c0890123584e41778172815a383a29c6
469,https://las.cnas.org.cn/LAS/publish/queryOrgInfo1.action?id=d89392a0ac114b428b9fff4166afd32b
470,https://las.cnas.org.cn/LAS/publish/queryOrgInfo1.action?id=e6a1c83b880f416988cef842bdc80d35
471,https://las.cnas.org.cn/LAS/publish/queryOrgInfo1.action?id=a350e9c6c512428fb094f4123267262c
472,https://las.cnas.org.cn/LAS/publish/queryOrgInfo1.action?id=e8f0c08c24a745f1824db324b4784e08
473,https://las.cnas.org.cn/LAS/publish/queryOrgInfo1.action?id=4bace866270f437bb65a6a33cd443380
474,https://las.cnas.org.cn/LAS/publish/queryOrgInfo1.action?id=d958a0a0f53b4ca2beb378fad56fd5db
475,https://las.cnas.org.cn/LAS/publish/queryOrgInfo1.action?id=1842bc151838479d980514e68c8ed8a0
476,https://las.cnas.org.cn/LAS/publish/queryOrgInfo1.action?id=7e88166f2bbf4f1ea3c94eec86384785
477,https://las.cnas.org.cn/LAS/publish/queryOrgInfo1.action?id=3c75fadfd8694c33bcc2ba783e327141
478,https://las.cnas.org.cn/LAS/publish/queryOrgInfo1.action?id=8a99d49e9fa346a2afd5bb90e77774d7
479,https://las.cnas.org.cn/LAS/publish/queryOrgInfo1.action?id=46576c75d8244c4e859715c0d5c753c3
480,https://las.cnas.org.cn/LAS/publish/queryOrgInfo1.action?id=a3b63eed37f24c7a8f69d5d0e43f2664
481,https://las.cnas.org.cn/LAS/publish/queryOrgInfo1.action?id=7150a65629d246a4bb1e73937ab3bfa3
482,https://las.cnas.org.cn/LAS/publish/queryOrgInfo1.action?id=7b6ea835d445434c9483915efd6520e0
483,https://las.cnas.org.cn/LAS/publish/queryOrgInfo1.action?id=e09511b9b56e4229952bce717911508b
484,https://las.cnas.org.cn/LAS/publish/queryOrgInfo1.action?id=321269c8b35341379707cf161933a5b1
485,https://las.cnas.org.cn/LAS/publish/queryOrgInfo1.action?id=2735e6a4d1f54216906424eee1962c2c
486,https://las.cnas.org.cn/LAS/publish/queryOrgInfo1.action?id=06bf1d1da99d411bb6a3096921e7e48f
487,https://las.cnas.org.cn/LAS/publish/queryOrgInfo1.action?id=470a75b8102b4e3b88c34993c19541e5
488,https://las.cnas.org.cn/LAS/publish/queryOrgInfo1.action?id=b1f84512e50e45e6b832a41bae4702f2
489,https://las.cnas.org.cn/LAS/publish/queryOrgInfo1.action?id=7b80b266320841368c755568cfd0f67e
490,https://las.cnas.org.cn/LAS/publish/queryOrgInfo1.action?id=b93fc294e90548a78fd949b30713923b
491,https://las.cnas.org.cn/LAS/publish/queryOrgInfo1.action?id=1ce92b1e3d6343e6813934930c59675d
492,https://las.cnas.org.cn/LAS/publish/queryOrgInfo1.action?id=a17defb1b7514bcd899b35d9ff6c2c32
493,https://las.cnas.org.cn/LAS/publish/queryOrgInfo1.action?id=039da3bd435b4c5e9967724aeaa5a5f4
494,https://las.cnas.org.cn/LAS/publish/queryOrgInfo1.action?id=fc836b7164e847dea6855c75cc754199
495,https://las.cnas.org.cn/LAS/publish/queryOrgInfo1.action?id=47acc8b8773c463e92d960d0f0cb9331
496,https://las.cnas.org.cn/LAS/publish/queryOrgInfo1.action?id=afd190fdafbe4f748afaf7b5d12896f0
497,https://las.cnas.org.cn/LAS/publish/queryOrgInfo1.action?id=06f4bc5f1ef442638e64eb928e97ccfb
498,https://las.cnas.org.cn/LAS/publish/queryOrgInfo1.action?id=7951273601ef4a88a3720cf1f484c2ff
499,https://las.cnas.org.cn/LAS/publish/queryOrgInfo1.action?id=a2ea4b2757d14577845912fd1a9e32db
500,https://las.cnas.org.cn/LAS/publish/queryOrgInfo1.action?id=415926c6cc8546319f337294afa0743b
501,https://las.cnas.org.cn/LAS/publish/queryOrgInfo1.action?id=da3c0fa0d241467c92458a4c20755297
502,https://las.cnas.org.cn/LAS/publish/queryOrgInfo1.action?id=8f27ec46b54340ccb77c8279c6555450
503,https://las.cnas.org.cn/LAS/publish/queryOrgInfo1.action?id=8d68fac386354e5ebed7c6d60f2ab148
504,https://las.cnas.org.cn/LAS/publish/queryOrgInfo1.action?id=ce5590c399f349289233f3d87203f90e
505,https://las.cnas.org.cn/LAS/publish/queryOrgInfo1.action?id=094e9b6b1757432a8ca82c490f50741d
506,https://las.cnas.org.cn/LAS/publish/queryOrgInfo1.action?id=af74eb43166a400a80b1bfa43f9e84f7
507,https://las.cnas.org.cn/LAS/publish/queryOrgInfo1.action?id=7dc5b377e5b34d6abb5974c8327fbbd5
508,https://las.cnas.org.cn/LAS/publish/queryOrgInfo1.action?id=2f276c47e49e4b12a2e322cb1484f8d8
509,https://las.cnas.org.cn/LAS/publish/queryOrgInfo1.action?id=f4cc0e04531941a58967e766155cdf87
510,https://las.cnas.org.cn/LAS/publish/queryOrgInfo1.action?id=49f5cd7b2ff74546a4af386d9e6bf3f8
511,https://las.cnas.org.cn/LAS/publish/queryOrgInfo1.action?id=9ec66ee6c6604349a50e653cbbb40c7f
512,https://las.cnas.org.cn/LAS/publish/queryOrgInfo1.action?id=712b7e9ef71f4d908abf8825d74494f7
513,https://las.cnas.org.cn/LAS/publish/queryOrgInfo1.action?id=48aa3cc1b29349b1997b2ac07e155417
514,https://las.cnas.org.cn/LAS/publish/queryOrgInfo1.action?id=86ea7762daec489bad73babab677a918
515,https://las.cnas.org.cn/LAS/publish/queryOrgInfo1.action?id=eb1a7d78ec7c474aaab873ec472af6fe
516,https://las.cnas.org.cn/LAS/publish/queryOrgInfo1.action?id=0060d54ede604117aa8ffc0a2e9e1c02
517,https://las.cnas.org.cn/LAS/publish/queryOrgInfo1.action?id=5744a1828ab5400a8c869bb3117e6386
518,https://las.cnas.org.cn/LAS/publish/queryOrgInfo1.action?id=ffb0867bc1c14a798c8d599ac7715061
519,https://las.cnas.org.cn/LAS/publish/queryOrgInfo1.action?id=4dce58743976426c847ba409d6952b92
520,https://las.cnas.org.cn/LAS/publish/queryOrgInfo1.action?id=04b36ab9c381491bb9bbff1671b6c83b
521,https://las.cnas.org.cn/LAS/publish/queryOrgInfo1.action?id=3188bfb2e57e47a79ab32cf6d446be8b
522,https://las.cnas.org.cn/LAS/publish/queryOrgInfo1.action?id=35317fd6c17040f4b8fa04d6d050462f
523,https://las.cnas.org.cn/LAS/publish/queryOrgInfo1.action?id=6742a1f1658548c3966cd958264341ea
524,https://las.cnas.org.cn/LAS/publish/queryOrgInfo1.action?id=e509abf3011b42f69e33da2d2e4567cc
525,https://las.cnas.org.cn/LAS/publish/queryOrgInfo1.action?id=5d1305d1e73c4b989c8fe16a266b8657
526,https://las.cnas.org.cn/LAS/publish/queryOrgInfo1.action?id=a9f9a575011c4cbc8c444172b335ab3a
527,https://las.cnas.org.cn/LAS/publish/queryOrgInfo1.action?id=8825c3abe2a5491981f807adff2f5292
528,https://las.cnas.org.cn/LAS/publish/queryOrgInfo1.action?id=df1b242fcb9f4fca975b1eba9152863e
529,https://las.cnas.org.cn/LAS/publish/queryOrgInfo1.action?id=18971d53be044ffeb74825a1f85e2173
530,https://las.cnas.org.cn/LAS/publish/queryOrgInfo1.action?id=b88739acda4a4d99a4686ac042bdf26d
531,https://las.cnas.org.cn/LAS/publish/queryOrgInfo1.action?id=14469a2b9721498bbee938f65d00bd49
532,https://las.cnas.org.cn/LAS/publish/queryOrgInfo1.action?id=3f1ef532e0b94783aa062adbd50d1b58
533,https://las.cnas.org.cn/LAS/publish/queryOrgInfo1.action?id=40aa87cc58d7433499e1ca0f89b91286
534,https://las.cnas.org.cn/LAS/publish/queryOrgInfo1.action?id=3fcf972e3ad54b718b30814f53588d52
535,https://las.cnas.org.cn/LAS/publish/queryOrgInfo1.action?id=8e900fe4e5de430a95fb3baeb714a272
536,https://las.cnas.org.cn/LAS/publish/queryOrgInfo1.action?id=d1626943278f4a3988ba6c3094188b95
537,https://las.cnas.org.cn/LAS/publish/queryOrgInfo1.action?id=89023081196e4a85b61f85bfbd4a8cee
538,https://las.cnas.org.cn/LAS/publish/queryOrgInfo1.action?id=42dd201c06c74ecc8972cce67962adbb
539,https://las.cnas.org.cn/LAS/publish/queryOrgInfo1.action?id=8987a6fb317a4632b05654a1405b7d18
540,https://las.cnas.org.cn/LAS/publish/queryOrgInfo1.action?id=76b3af9568944fd2828de9844a7579c3
541,https://las.cnas.org.cn/LAS/publish/queryOrgInfo1.action?id=75c26f32e4394a4c9f500fdef80f8f1d
542,https://las.cnas.org.cn/LAS/publish/queryOrgInfo1.action?id=621bea889ee24ada91c827a0a7c03c90
543,https://las.cnas.org.cn/LAS/publish/queryOrgInfo1.action?id=2804b5d6a9bb48eea4d51a7476b67723
544,https://las.cnas.org.cn/LAS/publish/queryOrgInfo1.action?id=fc146ba572ce4c3090bf241c03f20d88
545,https://las.cnas.org.cn/LAS/publish/queryOrgInfo1.action?id=2e8f04e92d5e40c78d26df09707fd345
546,https://las.cnas.org.cn/LAS/publish/queryOrgInfo1.action?id=e42d8e1e01b24e84a504d5fb4caabb3f
547,https://las.cnas.org.cn/LAS/publish/queryOrgInfo1.action?id=a54682ad53cd49d9912d722e4e099766
548,https://las.cnas.org.cn/LAS/publish/queryOrgInfo1.action?id=b34b4c7af6f44b71817ad35be56e9e58
549,https://las.cnas.org.cn/LAS/publish/queryOrgInfo1.action?id=fafa463a99b344df930337280b349154
550,https://las.cnas.org.cn/LAS/publish/queryOrgInfo1.action?id=89df350284cd4d039753d365910ade0e
551,https://las.cnas.org.cn/LAS/publish/queryOrgInfo1.action?id=dbc5ee163901405fa22a3954e4165be6
552,https://las.cnas.org.cn/LAS/publish/queryOrgInfo1.action?id=cee0686ee2474cf5bd307496d4d959ba
553,https://las.cnas.org.cn/LAS/publish/queryOrgInfo1.action?id=941c5870bdb94ae2bef3a5903ba21b44
554,https://las.cnas.org.cn/LAS/publish/queryOrgInfo1.action?id=f7e496bf23cc4895ae947274fb994eb9
555,https://las.cnas.org.cn/LAS/publish/queryOrgInfo1.action?id=6a9808527caf445bac2363fab93ccb0a
556,https://las.cnas.org.cn/LAS/publish/queryOrgInfo1.action?id=d3a8e82ae123484a85af73430c730eb1
557,https://las.cnas.org.cn/LAS/publish/queryOrgInfo1.action?id=bca5a02452fa4f22b9e5a91f632fa9c0
558,https://las.cnas.org.cn/LAS/publish/queryOrgInfo1.action?id=f998a7c2516c4f1c8e1e5f3a3f7fa9e5
559,https://las.cnas.org.cn/LAS/publish/queryOrgInfo1.action?id=a7e35f70e2a74dc68063502bd027f75a
560,https://las.cnas.org.cn/LAS/publish/queryOrgInfo1.action?id=468bd12fbe384b9c9e5785965a5abadf
561,https://las.cnas.org.cn/LAS/publish/queryOrgInfo1.action?id=29fb59f01bda426ba5115d1bf75165cb
562,https://las.cnas.org.cn/LAS/publish/queryOrgInfo1.action?id=52c634177b5342128ecbe7d0d5fcec1d
