,code,name
0,A,A 检验医学
1,AA,AA 临床血液学
2,AAA,AAA 血液一般检验
3,AAB,AAB 骨髓检验
4,AAC,AAC 溶血检验
5,AAD,AAD  出凝血检验
6,AAE,AAE 血液流变学检验
7,AAZ,AAZ 其它
8,AB,AB 临床体液学
9,ABA,ABA 尿液检查
10,ABB,ABB 粪便检验
11,ABC,ABC 穿刺液检验
12,ABD,ABD 分泌物检验
13,ABZ,ABZ 其它
14,AC,AC 临床化学
15,ACA,ACA 酶及其相关物质
16,ACB,ACB 蛋白质和低分子含氮化合物
17,ACC,ACC 碳水化合物及相关物质
18,ACD,ACD 有机酸
19,ACE,ACE 脂质及其相关物质
20,ACF,ACF 维生素及其相关物质
21,ACG,ACG 电解质、血气
22,ACH,ACH 色素及其相关物质
23,ACJ,ACJ 无机离子和微量元素
24,ACK,ACK 药物
25,ACL,ACL 下丘脑和垂体激素及相关物质
26,ACM,ACM 甲状腺激素及其结合蛋白检查
27,ACN,ACN 甲状旁腺激素
28,ACP,ACP 肾上腺皮质激素及其结合蛋白
29,ACQ,ACQ 肾上腺髓质激素
30,ACR,ACR 性腺激素及相关物质
31,ACS,ACS 胰腺及消化道激素
32,ACZ,ACZ 其它 
33,AD,AD 临床免疫学
34,ADA,ADA 补体/免疫球蛋白/相关蛋白 
35,ADB,ADB 免疫细胞功能试验 
36,ADC,ADC  细胞因子   
37,ADD,ADD 自身抗体（非器官/组织特异性自身抗体）
38,ADE,ADE 自身抗体（器官/组织特异性自身抗体）
39,ADF,ADF 肝炎病毒/人类免疫缺陷病毒 /梅毒螺旋体标志物 
40,ADG,ADG 其它病毒标志物
41,ADH,ADH 细菌标志物及免疫学试验
42,ADJ,ADJ 其它病原体标志物及免疫学试验 
43,ADK,ADK 肿瘤标志物
44,ADL,ADL 变应原及其相关项目
45,ADZ,ADZ 其它
46,AE,AE 临床微生物学
47,AEA,AEA 细菌学
48,AEB,AEB 真菌学
49,AEC,AEC 衣原体
50,AED,AED 支原体
51,AEE,AEE 螺旋体
52,AEF,AEF 病毒学
53,B,B 输血医学
54,BA,BA 红细胞血型
55,BAA,BAA 红细胞抗原检测
56,BAB,BAB 红细胞抗体检测
57,BAC,BAC 红细胞相容性检测
58,BAZ,BAZ 其它
59,BB,BB 白细胞血型（或人类组织相关性抗原）
60,BBA,BBA 人类组织相关性抗原
61,BBB,BBB 白细胞抗体检测
62,BBC,BBC 白细胞相容性检测
63,BBZ,BBZ 其它
64,BC,BC 血小板血型
65,BCA,BCA 血小板抗原检测 
66,BCB,BCB 血小板抗体检测
67,BCC,BCC 血小板相容性检测
68,BCZ,BCZ 其它
69,BZ,BZ 其它
70,C,C 病理学
71,CA,CA 细胞病理学检查与诊断
72,CAA,CAA 细胞病理学检查与诊断
73,CAZ,CAZ 其它
74,CB,CB 组织病理学检查与诊断
75,CBA,CBA 常规组织病理学诊断
76,CBB,CBB 术中冰冻及石蜡快速切片与诊断
77,CBZ,CBZ 其它
78,CC,CC 特染和免疫组织化学染色与诊断
79,CCA,CCA 特殊染色与诊断
80,CCB,CCB 免疫组织化学
81,CCZ,CCZ 其它
82,CD,CD 电子显微镜技术与诊断
83,CDA,CDA 电子显微镜技术与诊断
84,CDZ,CDZ 其它
85,CZ,CZ 其它
86,D,D 影像医学
87,DA,DA X线检查
88,DAA,DAA 透视
89,DAB,DAB X线摄影
90,DAC,DAC X线造影
91,DAZ,DAZ 其它
92,DB,DB X线计算机体层检查
93,DBA,DBA CT检查
94,DBB,DBB 特殊三维成像
95,DBZ,DBZ 其它
96,DC,DC 磁共振检查
97,DCA,DCA 磁共振成像
98,DCB,DCB 特殊磁共振检查
99,DCZ,DCZ 其它
100,DD,DD 核医学诊断
101,DDA,DDA 静态显像与功能检测
102,DDB,DDB 动态显像
103,DDC,DDC 断层显像
104,DDD,DDD 断层融合显像
105,DDE,DDE 正电子发射断层显像
106,DDF,DDF 正电子发射断层融合显像
107,DDG,DDG PET/核磁共振
108,DDH,DDH 核素功能试验
109,DDJ,DDJ 18F-FDG SPECT符合线路显像
110,DDK,DDK 18F-FDG SPECT/CT符合线路显像
111,DDZ,DDZ 其它检查
112,DE,DE 超声诊断
113,DEA,DEA A超
114,DEB,DEB B超
115,DEC,DEC 彩色多普勒超声
116,DED,DED 多普勒超声
117,DEE,DEE 三维超声
118,DEF,DEF 心脏超声
119,DEZ,DEZ 其它检查
120,DZ,DZ 其它
121,DZA,DZA 全身热断层成像检查
122,DZB,DZB 局部热断层成像检查
123,DZC,DZC 红外热像检查
124,DZD,DZD 计算机断层扫描激光乳腺成像检查
125,DZZ,DZZ 其它
126,E,E 医学生理学（暂未开展）
127,F,F 医学物理学（暂未开展）
128,X,X 分子诊断
129,XA,XA 病原体分子检测
130,XAA,XAA 感染性疾病分子检验
131,XB,XB 非肿瘤性疾病分子检测
132,XBA,XBA 遗传性疾病的分子检测
133,XC,XC 分子病理学
134,XCA,XCA 组织/细胞原位杂交检查诊断
135,XCB,XCB 组织/细胞荧光原位杂交检查诊断
136,XCC,XCC 组织/细胞脱氧核糖核酸（DNA）多聚酶链式反应检查诊断
137,XCD,XCD 组织/细胞核糖核酸（RNA）多聚酶链式反应检查诊断
138,XCE,XCE 组织/细胞荧光定量脱氧核糖核酸（DNA）多聚酶链式反应检查诊断
139,XCF,XCF 组织/细胞荧光定量核糖核酸（RNA）多聚酶链式反应检查诊断
140,XCG,XCG  组织/细胞脱氧核糖核酸（DNA）测序
141,XCH,XCH 二代测序
142,XCZ,XCZ 其它
143,XD,XD 用药指导的分子生物学检测
144,XDA,XDA 药物敏感性相关的分子检测
145,XE,XE 血型基因
146,XEA,XEA 红细胞血型基因
147,XEB,XEB 白细胞血型基因（人类组织相容性抗原基因）检测
148,XEC,XEC 血小板血型基因
149,XZ,XZ 其它
150,Y,Y 流式细胞学
151,YA,YA 血液疾病的流式细胞学检查
152,YAA,YAA 血液疾病的流式细胞学检查
153,YB,YB 其他疾病的流式细胞学检查
154,YBA,YBA 白细胞亚群
155,YBB,YBB 免疫功能异常
156,YBC,YBC 实体瘤
157,YZ,YZ 其它
158,Z,Z 其它
