,名称,地址,注册号,认可依据,认证开始时间,认证结束时间
0,鸿利智汇集团股份有限公司实验室,广东省广州市花都区花东镇先科一路1号,NAS L7029,ISO/IEC17025、EPA能源之星以及CNAS特定认可要求,2016/11/25,2017/07/27
1,东莞市信测科技有限公司,广东省东莞市南城区莞太路281号,NAS L3150,ISO/IEC17025、EPA能源之星以及CNAS特定认可要求,2016/10/24,2018/07/03
2,东莞华明灯具有限公司实验室,广东省东莞市清溪镇清凤路390号,NAS L6553,ISO/IEC17025、EPA能源之星以及CNAS特定认可要求,2016/12/13,2022/12/12
3,机械工业办公自动化设备检验所,天津市红桥区昌图道7号,NAS L1837,ISO/IEC17025、EPA能源之星以及CNAS特定认可要求,2017/04/05,2022/05/13
4,江苏省电子信息产品质量监督检验研究院（江苏省信息安全测评中心）,江苏省无锡市金水路100号,NAS L0262,ISO/IEC17025、EPA能源之星以及CNAS特定认可要求,2017/03/20,2023/03/19
5,深圳市巴伦检测技术有限公司,广东省深圳市南山区沙河西路白沙科技产业园一楼B区,NAS L6791,ISO/IEC17025、EPA能源之星以及CNAS特定认可要求,2017/02/13,2023/03/23
6,杭州亿塔检测技术有限公司,杭州市余杭区余杭街道金星村西部科技园A座8楼,NAS L9458,ISO/IEC17025、EPA能源之星以及CNAS特定认可要求,2016/11/21,2022/11/20
7,东莞信宝电子产品检测有限公司,广东省东莞市大朗镇石厦村金沙岗一路3号C栋,NAS L3163,ISO/IEC17025、EPA能源之星以及CNAS特定认可要求,2016/11/14,2018/10/08
8,深圳信测标准技术服务股份有限公司,广东省深圳市南山区马家龙工业区69栋,NAS L2291,ISO/IEC17025、EPA能源之星以及CNAS特定认可要求,2016/10/24,2022/10/28
9,佛山市沃特测试技术服务有限公司,广东省佛山市顺德区陈村镇顺联国际机械城2座二楼13-19号,NAS L6478,ISO/IEC17025、EPA能源之星以及CNAS特定认可要求,2017/03/23,2022/10/21
10,信华科技（深圳）有限公司,广东省深圳市南山区科技园科丰路6号,NAS L4117,ISO/IEC17025、EPA能源之星以及CNAS特定认可要求,2017/02/20,2019/02/03
11,思科系统（中国）研发有限公司声学实验室,上海市徐汇区宜山路926号裙楼1层,NAS L6468,ISO/IEC17025、EPA能源之星以及CNAS特定认可要求,2016/08/18,2022/10/14
12,莱茵技术-商检(宁波)有限公司,浙江省宁波市国家高新区光华路299弄32号研发园C13幢,NAS L6454,ISO/IEC17025、EPA能源之星以及CNAS特定认可要求,2017/04/10,2022/10/09
13,莱茵技术（上海）有限公司,上海市静安区广中西路777弄177号,NAS L3038,ISO/IEC17025、EPA能源之星以及CNAS特定认可要求,2017/01/17,2017/11/18
14,联想（北京）有限公司可靠性实验室,北京市海淀区西北旺东路10号院2号楼,NAS L2356,ISO/IEC17025、EPA能源之星以及CNAS特定认可要求,2016/11/30,2023/01/18
15,国家电光源质量监督检验中心（北京）/北京市朝阳区高效照明技术中心,北京市朝阳区大北窑厂坡村甲三号,NAS L0978,ISO/IEC17025、EPA能源之星以及CNAS特定认可要求,2017/03/23,2018/11/15
16,威凯检测技术有限公司,广东省广州市萝岗区科学城开泰大道天泰一路3号,NAS L0095,ISO/IEC17025、EPA能源之星以及CNAS特定认可要求,2016/11/21,2023/01/22
17,深圳一信泰质量技术有限公司,广东省深圳市龙华新区清祥路1号宝能科技园6栋A座16楼,NAS L9069,ISO/IEC17025、EPA能源之星以及CNAS特定认可要求,2016/12/15,2022/05/08
18,宁波出入境检验检疫局检验检疫技术中心/宁波中盛产品检测有限公司,浙江省慈溪市兴检路99号,NAS L0317,ISO/IEC17025、EPA能源之星以及CNAS特定认可要求,2017/04/05,2023/04/27
19,宁波出入境检验检疫局检验检疫技术中心/宁波中盛产品检测有限公司,浙江省宁波市高新区清逸路66号,NAS L0317,ISO/IEC17025、EPA能源之星以及CNAS特定认可要求,2017/04/05,2023/04/27
20,广州弘诺电子科技有限公司,广东省广州高新技术产业开发区科学城科研路3号A2栋南座1-2层,NAS L4957,ISO/IEC17025、EPA能源之星以及CNAS特定认可要求,2017/03/03,2023/02/22
