,机构名称,周期,序号,样品名称,项目序号,检验项目名称,说明,状态
0,北京东方计量测试研究所,2018/06/11 - 2024/06/10,1,数字多用表,1,直流电压,,有效
1,北京东方计量测试研究所,2018/06/11 - 2024/06/10,1,数字多用表,2,交流电压,,有效
2,北京东方计量测试研究所,2018/06/11 - 2024/06/10,1,数字多用表,3,直流电流,,有效
3,北京东方计量测试研究所,2018/06/11 - 2024/06/10,1,数字多用表,4,交流电流,,有效
4,北京东方计量测试研究所,2018/06/11 - 2024/06/10,1,数字多用表,5,直流电阻,,有效
5,北京东方计量测试研究所,2018/06/11 - 2024/06/10,2,标准电阻,1,直流电阻,,有效
6,北京东方计量测试研究所,2018/06/11 - 2024/06/10,3,标准电感器（箱）,1,电感,,有效
7,北京中实国金国际实验室能力验证研究有限公司,2018/03/12 - 2024/03/16,1,数字压力表（计）,1,压力,,有效
8,北京中实国金国际实验室能力验证研究有限公司,2018/03/12 - 2024/03/16,2,洛氏硬度计,1,洛氏硬度,,有效
9,中国计量科学研究院新能源环境计量研究所,2018/01/03 - 2024/01/05,1,同轴衰减器,1,衰减值,,有效
10,国家卫生健康委临床检验中心,2016/03/08 - 2022/03/07,1,新鲜冰冻血清,1,丙氨酸氨基转移酶,,有效
11,国家卫生健康委临床检验中心,2016/03/08 - 2022/03/07,1,新鲜冰冻血清,2,天冬氨酸氨基转移酶,,有效
12,国家卫生健康委临床检验中心,2016/03/08 - 2022/03/07,1,新鲜冰冻血清,3,肌酸激酶,,有效
13,国家卫生健康委临床检验中心,2016/03/08 - 2022/03/07,1,新鲜冰冻血清,4,γ-谷氨酰基转移酶,,有效
14,国家卫生健康委临床检验中心,2016/03/08 - 2022/03/07,1,新鲜冰冻血清,5,乳酸脱氢酶,,有效
15,国家卫生健康委临床检验中心,2016/03/08 - 2022/03/07,1,新鲜冰冻血清,6,淀粉酶,,有效
16,国家卫生健康委临床检验中心,2016/03/08 - 2022/03/07,1,新鲜冰冻血清,7,碱性磷酸酶,,有效
17,国家卫生健康委临床检验中心,2016/03/08 - 2022/03/07,1,新鲜冰冻血清,8,葡萄糖,,有效
18,国家卫生健康委临床检验中心,2016/03/08 - 2022/03/07,1,新鲜冰冻血清,9,尿素,,有效
19,国家卫生健康委临床检验中心,2016/03/08 - 2022/03/07,1,新鲜冰冻血清,10,肌酐,,有效
20,国家卫生健康委临床检验中心,2016/03/08 - 2022/03/07,1,新鲜冰冻血清,11,尿酸,,有效
21,国家卫生健康委临床检验中心,2016/03/08 - 2022/03/07,1,新鲜冰冻血清,12,总T4,,有效
22,山东非金属材料研究所,2018/06/11 - 2024/06/10,1,常用玻璃量器,1,容量,,有效
23,山东非金属材料研究所,2018/06/11 - 2024/06/10,2,工作毛细管黏度计,1,黏度计常数,,有效
24,山东非金属材料研究所,2018/06/11 - 2024/06/10,3,旋转黏度计,1,修正系数,,有效
25,国家高电压计量站,2017/09/12 - 2023/09/11,1,电流互感器,1,比值误差,,有效
26,国家高电压计量站,2017/09/12 - 2023/09/11,1,电流互感器,2,相位误差,,有效
27,国家高电压计量站,2017/09/12 - 2023/09/11,2,电压互感器,1,比值误差,,有效
28,国家高电压计量站,2017/09/12 - 2023/09/11,2,电压互感器,2,相位误差,,有效
29,广东省计量科学研究院（华南国家计量测试中心）,2018/11/12 - 2024/11/11,1,量块,1,中心长度,只做3等及以下钢制量块,有效
30,广东省计量科学研究院（华南国家计量测试中心）,2018/11/12 - 2024/11/11,2,光滑极限量规,1,直径,,有效
31,广东省计量科学研究院（华南国家计量测试中心）,2018/11/12 - 2024/11/11,3,砝码,1,质量,只做F1等级及以下,有效
32,广东省计量科学研究院（华南国家计量测试中心）,2018/11/12 - 2024/11/11,4,声级计,1,频率计权,只做2级,有效
33,广东省计量科学研究院（华南国家计量测试中心）,2018/11/12 - 2024/11/11,5,工作用贵金属热电偶,1,温度,,有效
34,广东省计量科学研究院（华南国家计量测试中心）,2018/11/12 - 2024/11/11,6,电能表,1,电能,只做标准电能表和电子式交流电能表,有效
