,机构名称,注册编号,报告/证书允许使用认可标识的其他名称,联系人,联系电话,邮政编码,传真号码,网站地址,电子邮箱,单位地址,认证开始时间,认证结束时间,认可依据
0,华北计算技术研究所计算机测评中心,PT0076,,王春佳,010-89055073,100083,010-89055529,www.itstec.org.cn,chengly@itstec.org.cn,北京市海淀区北四环中路211号,2019/02/18,2025/02/17,"ISO/IEC 17043:2010
			    		《合格评定—能力验证的通用要求》
			    		
			    		
			    		以及CNAS特定认可要求"
1,中国制浆造纸研究院有限公司检验计量中心,PT0048,,陈曦,010-64778118/13511030838,100102,010-64778114,www.pis.org.cn,zjzxpt@126.com,北京市朝阳区望京启阳路4号中轻大厦3层,2019/02/01,2025/02/13,"ISO/IEC 17043:2010
			    		《合格评定—能力验证的通用要求》
			    		
			    		
			    		以及CNAS特定认可要求"
2,中国航天系统科学与工程研究院软件和信息安全测评实验室,PT0050,,杨桂枝,010-68373915,100048,010-68768987,www.caecc.com,guizhiyang@126.com,北京市海淀区阜成路16号A座803,2019/01/30,2025/02/13,"ISO/IEC 17043:2010
			    		《合格评定—能力验证的通用要求》
			    		
			    		
			    		以及CNAS特定认可要求"
3,中国检验检疫科学研究院测试评价中心,PT0026,,王秀君、卢行安,4008001061/010-53897832,100176,010-53897847,www.acas.com.cn,acas_pt@163.com;acas_iso@126.com,北京市亦庄经济技术开发区荣华南路11号,2018/11/27,2024/12/26,"ISO/IEC 17043:2010
			    		《合格评定—能力验证的通用要求》
			    		
			    		
			    		以及CNAS特定认可要求"
4,中国食品药品检定研究院,PT0041,,项新华,010-53851353,100050,010-67019474,www.nifdc.org.cn,zhanghz@nifdc.org.cn,北京市东城区天坛西里2号,2018/10/08,2024/10/07,"ISO/IEC 17043:2010
			    		《合格评定—能力验证的通用要求》
			    		
			    		
			    		以及CNAS特定认可要求"
5,北京亚分科技有限公司,PT0074,,王杰,13910224121,100176,010-67902536,http://allseptech.com,jaywang2077@hotmail.com,北京市大兴区亦庄经济技术开发区经海四路11号中荣科技大厦302室,2018/07/26,2024/07/25,"ISO/IEC 17043:2010
			    		《合格评定—能力验证的通用要求》
			    		
			    		
			    		以及CNAS特定认可要求"
6,北京东方计量测试研究所,PT0073,,冉茂华,010-68744645,100086,010-68378158,www.cast514.com,cast514_lab@cast514.com,北京市海淀区知春路82号,2018/06/11,2024/06/10,"ISO/IEC 17043:2010
			    		《合格评定—能力验证的通用要求》
			    		
			    		
			    		以及CNAS特定认可要求"
7,自然资源部珠宝玉石首饰管理中心（国家珠宝玉石质量监督检验中心）,PT0071,,,,100013,010-58276147,www.ngtc.com.cn,ngtclab@ngtc.com.cn,北京市东城区北三环东路36号环球贸易中心C座22层,2018/04/08,2024/04/07,"ISO/IEC 17043:2010
			    		《合格评定—能力验证的通用要求》
			    		
			    		
			    		以及CNAS特定认可要求"
8,中国皮革制鞋研究院有限公司检测中心,PT0038,,黄志丁,010-64337798,100015,010-64362595,www.cnfqi.com,huangzhiding@126.com,北京市朝阳区将台西路18号,2018/03/29,2024/03/28,"ISO/IEC 17043:2010
			    		《合格评定—能力验证的通用要求》
			    		
			    		
			    		以及CNAS特定认可要求"
9,北京中实国金国际实验室能力验证研究有限公司,PT0002,,郭娟,010-62181169/13810324883,100081,010-62181163,www.nil.org.cn,nil@analysis.org.cn,北京市海淀区高粱桥斜街13号,2018/03/12,2024/03/16,"ISO/IEC 17043:2010
			    		《合格评定—能力验证的通用要求》
			    		
			    		
			    		以及CNAS特定认可要求"
10,国家无线电监测中心检测中心,PT0069,,姜秋红,010 5799 6057,100041,010 5799 6398,Http://www.srtc.org.cn,jiangqiuhong@srtc.org.cn,北京市石景山区实兴大街30号院15栋,2018/03/02,2024/03/01,"ISO/IEC 17043:2010
			    		《合格评定—能力验证的通用要求》
			    		
			    		
			    		以及CNAS特定认可要求"
11,煤炭科学技术研究院有限公司检测中心,PT0015,,黄爱悦,010-84262992,100013,010-84263117,www.ccritc.com.cn,ccritc@ccri.com.cn,北京市朝阳区和平街青年沟路5号,2018/01/16,2024/02/01,"ISO/IEC 17043:2010
			    		《合格评定—能力验证的通用要求》
			    		
			    		
			    		以及CNAS特定认可要求"
12,中国计量科学研究院新能源环境计量研究所,PT0037,,武彤,010-64224092,100029,010-64223237,www.nim.ac.cn,wut@nim.ac.cn,北京市朝阳区北三环东路18号,2018/01/03,2024/01/05,"ISO/IEC 17043:2010
			    		《合格评定—能力验证的通用要求》
			    		
			    		
			    		以及CNAS特定认可要求"
13,北京出入境检验检疫局检验检疫技术中心,PT0012,,饶红,010-58619235/13661025951,100026,010-65853805,www.biqtc.com,hong5951@126.com,北京市朝阳区甜水园街6号,2017/09/29,2023/11/02,"ISO/IEC 17043:2010
			    		《合格评定—能力验证的通用要求》
			    		
			    		
			    		以及CNAS特定认可要求"
14,北京软件产品质量检测检验中心,PT0062,,王欣鹏,010-82825511-871,100193,010-82826408,www.nast.net.cn,pt@bsw.net.cn,北京市海淀区东北旺西路8号中关村软件园3A楼,2017/09/12,2023/09/11,"ISO/IEC 17043:2010
			    		《合格评定—能力验证的通用要求》
			    		
			    		
			    		以及CNAS特定认可要求"
15,中国建材检验认证集团股份有限公司,PT0014,,梁慧超,010-51167483,100024,010-51167004,www.ctc.ac.cn,lianghuichao@ctc.ac.cn,北京市朝阳区管庄东里1号,2017/07/26,2023/07/25,"ISO/IEC 17043:2010
			    		《合格评定—能力验证的通用要求》
			    		
			    		
			    		以及CNAS特定认可要求"
16,中国建筑科学研究院有限公司建筑工程检测中心,PT0009,,马捷,010-64517844/13701369086,100013,010-84282813/84288515,www.cabr-betc.com,majiejie2002@163.com,北京市朝阳区北三环东路30号,2017/06/14,2023/06/13,"ISO/IEC 17043:2010
			    		《合格评定—能力验证的通用要求》
			    		
			    		
			    		以及CNAS特定认可要求"
17,中标能效科技（北京）有限公司,PT0033,,杨玉斋,15801559623,102200,010-60700964,www.csc.org.cn,service@csc.org.cn,北京市昌平区永安路36号,2017/06/14,2023/06/12,"ISO/IEC 17043:2010
			    		《合格评定—能力验证的通用要求》
			    		
			    		
			    		以及CNAS特定认可要求"
18,环境保护部标准样品研究所,PT0007,,孙自杰,010-84665742/13681023862,100029,010-84643412,www.ierm.com.cn,sun.zijie@ierm.com.cn,北京市朝阳区育慧南路1号,2017/01/12,2023/02/06,"ISO/IEC 17043:2010
			    		《合格评定—能力验证的通用要求》
			    		
			    		
			    		以及CNAS特定认可要求"
19,中国网络安全审查技术与认证中心信息安全基准实验室,PT0057,,温岩莉,01065994317,100020,01065994273,www.isccc.gov.cn,wenyl@isccc.gov.cn,北京市朝阳区朝外大街甲10号中认大厦,2017/01/22,2023/01/21,"ISO/IEC 17043:2010
			    		《合格评定—能力验证的通用要求》
			    		
			    		
			    		以及CNAS特定认可要求"
20,中国家用电器研究院,PT0021,,徐兰,010-68144995,100037,,www.btihea.com,gongcx@cheari.com,北京市西城区月坛北小街6号,2016/06/12,2022/07/07,"ISO/IEC 17043:2010
			    		《合格评定—能力验证的通用要求》
			    		
			    		
			    		以及CNAS特定认可要求"
21,国家卫生健康委临床检验中心,PT0016,,张传宝,010-58115059/13910115709,100730,010-65132968,www.nccl.org.cn,EQA@org.nccl.org.cn,北京市东城区东单大华路1号,2016/03/08,2022/03/07,"ISO/IEC 17043:2010
			    		《合格评定—能力验证的通用要求》
			    		
			    		
			    		以及CNAS特定认可要求"
22,上海电器设备检测所有限公司,PT0045,,艾云,021-62574990-526,200063,021-62578432,www.stiee.com,aiyun@seari.com.cn,上海市武宁路505号,2018/11/27,2024/11/29,"ISO/IEC 17043:2010
			    		《合格评定—能力验证的通用要求》
			    		
			    		
			    		以及CNAS特定认可要求"
23,宝山钢铁股份有限公司中央研究院（技术中心）研发保障中心,PT0003,,纪红玲,021-26648701/13918819060,201900,021-26648701,,13918819060@139.com,上海市宝山区富锦路655号,2018/08/22,2024/09/06,"ISO/IEC 17043:2010
			    		《合格评定—能力验证的通用要求》
			    		
			    		
			    		以及CNAS特定认可要求"
24,司法鉴定科学研究院,PT0010,,方建新,021-52351397/13061700856,200063,021-52351397,www.ssfjd.com,quality@ssfjd.cn,上海市光复西路1347号,2018/08/24,2024/08/23,"ISO/IEC 17043:2010
			    		《合格评定—能力验证的通用要求》
			    		
			    		
			    		以及CNAS特定认可要求"
25,上海缆慧检测技术有限公司,PT0067,,朱永华,021-50680102-203,201206,021-50680618,www.istcw.com,pt@istcw.com,上海市浦东新区金藏路258号2幢1楼,2018/02/12,2024/02/11,"ISO/IEC 17043:2010
			    		《合格评定—能力验证的通用要求》
			    		
			    		
			    		以及CNAS特定认可要求"
26,可口可乐饮料（上海）有限公司-亚太技术中心,PT0024,,茅庆文,021-31301160,200241,021-31301048,,jmao@coca-cola.com,上海市闵行区紫月路1188号,2017/09/04,2023/09/29,"ISO/IEC 17043:2010
			    		《合格评定—能力验证的通用要求》
			    		
			    		
			    		以及CNAS特定认可要求"
27,公安部第三研究所上海辰星电子数据司法鉴定中心,PT0032,,黄道丽,021-33932227、18018503403,201204,021-68571203,www.stars.org.cn,huangdaoli@stars.org.cn,上海市张江高科技园区毕升路339号,2017/02/20,2023/03/09,"ISO/IEC 17043:2010
			    		《合格评定—能力验证的通用要求》
			    		
			    		
			    		以及CNAS特定认可要求"
28,上海市食品药品检验所,PT0058,,陈祝康,021-38839900-26712,201203,021-50790956,www.sifdc.org.cn,great310@sina.cn,上海市浦东新区张衡路1500号,2017/02/06,2023/02/05,"ISO/IEC 17043:2010
			    		《合格评定—能力验证的通用要求》
			    		
			    		
			    		以及CNAS特定认可要求"
29,上海出入境检验检疫局机电产品检测技术中心,PT0030,,朱成,021-38620833,200135,021-68549399,smec.shciq.gov.cn,shciqsmec@163.com,上海市浦东新区民生路1208号,2016/11/22,2022/12/24,"ISO/IEC 17043:2010
			    		《合格评定—能力验证的通用要求》
			    		
			    		
			    		以及CNAS特定认可要求"
30,上海材料研究所检测中心,PT0055,,陆慧,021-65556775-330/13636350116,200437,021-65552672,www.sct.org.cn,luhui0623@163.com,上海市邯郸路99号,2016/12/22,2022/12/21,"ISO/IEC 17043:2010
			    		《合格评定—能力验证的通用要求》
			    		
			    		
			    		以及CNAS特定认可要求"
31,上海国缆检测中心有限公司,PT0029,,邢海甬,021-65494605-2263,200093,021-65490171,www.ticw.com.cn,xinghaiyong@ticw.com.cn,上海市杨浦区军工路1000号,2016/09/12,2022/09/24,"ISO/IEC 17043:2010
			    		《合格评定—能力验证的通用要求》
			    		
			    		
			    		以及CNAS特定认可要求"
32,上海材料研究所机械工业无损检测中心,PT0052,,陈晴晴,,200437,,,,上海市邯郸路99号,2016/08/30,2022/08/29,"ISO/IEC 17043:2010
			    		《合格评定—能力验证的通用要求》
			    		
			    		
			    		以及CNAS特定认可要求"
33,上海市临床检验中心,PT0025,,王青,021-68316300-1188,200126,021-68315722,www.sccl.org.cn,wangqing@sccl.org.cn,上海市浦东新区洪山路528号,2016/03/10,2022/03/09,"ISO/IEC 17043:2010
			    		《合格评定—能力验证的通用要求》
			    		
			    		
			    		以及CNAS特定认可要求"
34,重庆市临床检验中心,PT0040,,牛长春,023-63519127/15826104551,400014,023-63516241,http://ljzx.cqrmhospital.com/,happyavon@foxmail.com,重庆市渝中区枇杷山正街104号,2018/07/15,2024/07/14,"ISO/IEC 17043:2010
			    		《合格评定—能力验证的通用要求》
			    		
			    		
			    		以及CNAS特定认可要求"
35,石家庄海关技术中心,PT0044,,袁志清,0311-85980642,050051,0311-85980541,,yuanzhiqing@126.com,河北省石家庄市和平西路318号,2018/09/04,2024/10/08,"ISO/IEC 17043:2010
			    		《合格评定—能力验证的通用要求》
			    		
			    		
			    		以及CNAS特定认可要求"
36,河北世纪建筑材料设备检验有限公司,PT0064,,田莉,0311-80896796,050091,0311-89634767,www.hbjcjjzjz.com,tianli52000@sina.com,河北省石家庄市桥西区宫北路11号,2017/11/03,2023/11/02,"ISO/IEC 17043:2010
			    		《合格评定—能力验证的通用要求》
			    		
			    		
			    		以及CNAS特定认可要求"
37,秦皇岛海关煤炭检测技术中心,PT0019,,米飞,0335-5997721,066000,0335-5997725,,qhdmjpt@163.com,河北省秦皇岛市海港区建设大街东段188号,2016/07/11,2022/07/10,"ISO/IEC 17043:2010
			    		《合格评定—能力验证的通用要求》
			    		
			    		
			    		以及CNAS特定认可要求"
38,山西出入境检验检疫局检验检疫技术中心,PT0001,,陈勇,0351-6162536/13038088717,030024,0351-6160663,www.sxciqtc.com,c6367@163.com,山西省太原市漪汾街8号,2018/10/22,2024/11/07,"ISO/IEC 17043:2010
			    		《合格评定—能力验证的通用要求》
			    		
			    		
			    		以及CNAS特定认可要求"
39,沈阳产品质量监督检验院（沈阳产品质量监督检验研究院、沈阳安全生产监督检验研究院）,PT0020,,房乐,024-25893230/13842026770,110022,024-25893230,www.syzjy.com,fangle7777777@126.com,辽宁省沈阳市铁西区滑翔路24号,2019/05/22,2025/05/21,"ISO/IEC 17043:2010
			    		《合格评定—能力验证的通用要求》
			    		
			    		
			    		以及CNAS特定认可要求"
40,大连中食国实检测技术有限公司,PT0035,,李哲,0411-66886167/65975107/13614289446,116012,0411-66886157,www.cfapa.com,cfapa@sina.com,辽宁省大连市沙河口区西南路730号,2017/06/12,2023/07/24,"ISO/IEC 17043:2010
			    		《合格评定—能力验证的通用要求》
			    		
			    		
			    		以及CNAS特定认可要求"
41,大连海关技术中心/辽宁省检验检疫科学技术研究院,PT0005,,郑江,0411-82583822/15140588210,116001,0411-82583816,www.lnciq.gov.cn/nsjg/jszx/nlyzhclsh,lnciqj@126.com,辽宁省大连市中山区长江东路60号,2016/12/22,2022/12/21,"ISO/IEC 17043:2010
			    		《合格评定—能力验证的通用要求》
			    		
			    		
			    		以及CNAS特定认可要求"
42,南京海关动植物与食品检测中心,PT0023,,姜珊,025-52345237,210001,025-52345186,,804606460@qq.com,江苏省南京市建邺区创智路39号,2018/05/18,2024/05/17,"ISO/IEC 17043:2010
			    		《合格评定—能力验证的通用要求》
			    		
			    		
			    		以及CNAS特定认可要求"
43,苏州出入境检验检疫局外来有害生物防控实验室,PT0065,,陈云芳,0512-62825383,215126,,,fazychen@163.com,江苏省苏州市工业园区胜浦路288号,2017/12/28,2023/12/27,"ISO/IEC 17043:2010
			    		《合格评定—能力验证的通用要求》
			    		
			    		
			    		以及CNAS特定认可要求"
44,苏州电器科学研究院股份有限公司,PT0054,,喻平武,0512-69552117,215104,0512-69552104,www.eeti.cn,eservice@eeti.cn,江苏省苏州市吴中区越溪前珠路5号,2016/11/21,2022/11/20,"ISO/IEC 17043:2010
			    		《合格评定—能力验证的通用要求》
			    		
			    		
			    		以及CNAS特定认可要求"
45,江苏出入境检验检疫局工业产品检测中心,PT0027,,吴丽娜,025-52345220/13913973396,210019,025-52345210,www.jsciq.gov.cn,fzs@jsciq.gov.cn,江苏省南京市建邺区创智路39号,2016/04/25,2022/04/24,"ISO/IEC 17043:2010
			    		《合格评定—能力验证的通用要求》
			    		
			    		
			    		以及CNAS特定认可要求"
46,北仑出入境检验检疫局综合技术服务中心,PT0042,,付冉冉,0574-86967122/13586860689,315807,0574－86967122,www.blciq.gov.cn/blclj_ww/index.jsp,bl.furr@nbciq.gov.cn,浙江省宁波市北仑区长江南路219号,2018/08/29,2024/09/09,"ISO/IEC 17043:2010
			    		《合格评定—能力验证的通用要求》
			    		
			    		
			    		以及CNAS特定认可要求"
47,浙江国检检测技术股份有限公司,PT0066,,朱佳萍,0573-86161208,314300,0573-86180178,www.chinazbj.com,ptpgjjc@chinazbj.com,浙江省嘉兴市海盐县武原街道盐北路211号,2018/01/16,2024/01/15,"ISO/IEC 17043:2010
			    		《合格评定—能力验证的通用要求》
			    		
			    		
			    		以及CNAS特定认可要求"
48,华电电力科学研究院有限公司电煤质检中心,PT0061,,李冠龙,0571-85246198,310030,0571-85246238,http://www.chder.com/,guanlong-li@chder.com,浙江省杭州市西湖科技经济园区西园九路2号,2017/08/03,2023/08/02,"ISO/IEC 17043:2010
			    		《合格评定—能力验证的通用要求》
			    		
			    		
			    		以及CNAS特定认可要求"
49,宁波出入境检验检疫局检验检疫技术中心,PT0031,,王豪,0574-87022678,315048,0574-87022682,www.nbciqtc.com,3157311566@qq.com,浙江省宁波市鄞州区清逸路66号A座,2017/06/12,2023/06/11,"ISO/IEC 17043:2010
			    		《合格评定—能力验证的通用要求》
			    		
			    		
			    		以及CNAS特定认可要求"
50,浙江出入境检验检疫局丝类检测中心,PT0006,,赵栋,0571-56663565,310012,0571-56663000,,372778927@qq.com,浙江省杭州市文三路2号,2016/10/22,2022/10/21,"ISO/IEC 17043:2010
			    		《合格评定—能力验证的通用要求》
			    		
			    		
			    		以及CNAS特定认可要求"
51,泉州出入境检验检疫局综合技术服务中心,PT0047,,尤志勇,0595-68292473/15260762730,362200,0595-88092470,,newpop@foxmail.com,福建省晋江市泉安南路802号,2019/04/18,2025/04/17,"ISO/IEC 17043:2010
			    		《合格评定—能力验证的通用要求》
			    		
			    		
			    		以及CNAS特定认可要求"
52,淄博出入境检验检疫局检验检疫技术中心,PT0004,,陶琳,0533-3159582/18553316676,255086,0533-3177717,www.ptlab.com,pt0004@126.com,山东省淄博市高新区鲁泰大道72号,2019/02/15,2025/02/24,"ISO/IEC 17043:2010
			    		《合格评定—能力验证的通用要求》
			    		
			    		
			    		以及CNAS特定认可要求"
53,山东非金属材料研究所,PT0017,,刘运峰,0531-85878113,250031,0531-85062524,www.cmml.com.cn,liuyunfeng53@163.com,山东省济南市天桥区田家庄东路3号,2018/06/11,2024/06/10,"ISO/IEC 17043:2010
			    		《合格评定—能力验证的通用要求》
			    		
			    		
			    		以及CNAS特定认可要求"
54,青岛海关技术中心,PT0011,,雷质文,0532-80885651/13792877156,266002,0532-80885650,,leizhw@sohu.com,山东省青岛市瞿塘峡路70号,2018/05/02,2024/05/14,"ISO/IEC 17043:2010
			    		《合格评定—能力验证的通用要求》
			    		
			    		
			    		以及CNAS特定认可要求"
55,青岛赛时检验有限公司,PT0051,,郭武,13969680757,266425,,www.qdsaishi.com,saishi@vip.163.com,山东省青岛市黄岛区六盘山路38号,2018/05/02,2024/05/01,"ISO/IEC 17043:2010
			    		《合格评定—能力验证的通用要求》
			    		
			    		
			    		以及CNAS特定认可要求"
56,山东省冶金科学研究院有限公司能力验证中心,PT0068,,王向阳,0531-88593053,250014,0531-88593053,www.synlyz.com,syptp2018@163.com,山东省济南市历下区解放东路66号,2018/02/12,2024/02/11,"ISO/IEC 17043:2010
			    		《合格评定—能力验证的通用要求》
			    		
			    		
			    		以及CNAS特定认可要求"
57,航空工业（新乡）计测科技有限公司,PT0034,,高振萍,0373-2829418/13693730181,453019,0373-2038486,www.zhjczx.com,zhjczx@126.com,河南省新乡市解放大道中段1号检测中心,2017/05/11,2023/06/12,"ISO/IEC 17043:2010
			    		《合格评定—能力验证的通用要求》
			    		
			    		
			    		以及CNAS特定认可要求"
58,湖北省临床检验中心,PT0036,,曾明,027--87273699/18971211122,430064,027-87273189,www.hbccl.cn,hbljzx@163.com;zwp888@yeah.com,湖北省武汉市武昌区丁字桥路60号,2017/09/04,2023/09/18,"ISO/IEC 17043:2010
			    		《合格评定—能力验证的通用要求》
			    		
			    		
			    		以及CNAS特定认可要求"
59,国家高电压计量站,PT0063,,王海燕,027-59258303,430074,027-59834618,www.epri.sgcc.com.cn,Wanghaiyan1@epri.sgcc.com.cn,湖北省武汉市洪山区珞喻路143号,2017/09/12,2023/09/11,"ISO/IEC 17043:2010
			    		《合格评定—能力验证的通用要求》
			    		
			    		
			    		以及CNAS特定认可要求"
60,通标标准技术服务有限公司广州分公司能力验证中心,PT0077,,何晓燕,020-82155702,510663,,,Jane.He@sgs.com,广东省广州市经济技术开发区科学城科珠路198号,2019/04/02,2025/04/01,"ISO/IEC 17043:2010
			    		《合格评定—能力验证的通用要求》
			    		
			    		
			    		以及CNAS特定认可要求"
61,威凯检测技术有限公司,PT0018,,朱珈,020-32058525,510663,020-32293889,www.cvc.org.cn,office@cvc.org.cn,广东省广州市科学城开泰大道天泰一路3号,2019/03/19,2025/03/18,"ISO/IEC 17043:2010
			    		《合格评定—能力验证的通用要求》
			    		
			    		
			    		以及CNAS特定认可要求"
62,广东省计量科学研究院（华南国家计量测试中心）,PT0075,,陈明华,020-26297220,510405,020-86596502,www.scm.com.cn,cmh@scm.com.cn,广东省广州市广园中路松柏东街30号,2018/11/12,2024/11/11,"ISO/IEC 17043:2010
			    		《合格评定—能力验证的通用要求》
			    		
			    		
			    		以及CNAS特定认可要求"
63,广东产品质量监督检验研究院,PT0043,,谭婉琪,020-89232020/13925053487,510670,020-89232876,www.gqi.org.cn,zs@gqi.org.cn,广东省广州市黄埔区科学大道10号,2018/09/09,2024/10/08,"ISO/IEC 17043:2010
			    		《合格评定—能力验证的通用要求》
			    		
			    		
			    		以及CNAS特定认可要求"
64,中国赛宝实验室/工业和信息化部电子第五研究所/中国电子产品可靠性与环境试验研究所,PT0072,,刘春浩,020-87236789,510610,020-87236789,www.ceprei.com,ceprei@ceprei.com,广东省广州市天河区东莞庄路110号,2018/04/16,2024/04/15,"ISO/IEC 17043:2010
			    		《合格评定—能力验证的通用要求》
			    		
			    		
			    		以及CNAS特定认可要求"
65,广东省药品检验所,PT0070,,张莉,020-81865300,510180,020-81079652,www.gdidc.org.cn,gdidc_pt@163.com,广东省广州市黄埔区神舟路766号,2018/03/16,2024/03/15,"ISO/IEC 17043:2010
			    		《合格评定—能力验证的通用要求》
			    		
			    		
			    		以及CNAS特定认可要求"
66,广州机械科学研究院有限公司机械工业油品检验评定中心,PT0056,,丘晖饶,020-32388373,510530,,,,广东省广州市黄埔区科学城新瑞路2号,2017/01/12,2023/01/11,"ISO/IEC 17043:2010
			    		《合格评定—能力验证的通用要求》
			    		
			    		
			    		以及CNAS特定认可要求"
67,优尔鸿信检测技术（深圳）有限公司,PT0053,,黄宇,0755-28129588-87120,518109,0755-28129588-61920,,hzlh-cmc-qa1@mail.foxconn.com,广东省深圳市宝安区龙华新区东环二路二号,2016/10/20,2022/10/19,"ISO/IEC 17043:2010
			    		《合格评定—能力验证的通用要求》
			    		
			    		
			    		以及CNAS特定认可要求"
68,广州海关技术中心,PT0022,,谢力,020-38291657/13502403026,510623,020-38290479,www.iqtc.cn,tech@iqtc.cn,广东省广州市珠江新城花城大道66号B座,2016/07/08,2022/07/07,"ISO/IEC 17043:2010
			    		《合格评定—能力验证的通用要求》
			    		
			    		
			    		以及CNAS特定认可要求"
69,华测检测认证集团股份有限公司,PT0028,,张春艳,0755-33684389,518101,0755-33683385,www.cti-cert.com,zhangchunyan@cti-cert.com,广东省深圳市宝安区新安街道留仙三路4号华测检测大楼,2016/07/08,2022/07/07,"ISO/IEC 17043:2010
			    		《合格评定—能力验证的通用要求》
			    		
			    		
			    		以及CNAS特定认可要求"
70,中国石油天然气股份有限公司西南油气田分公司天然气研究院天然气分析测试研究所,PT0060,,周理,028-85604512,610213,,,,四川省成都市双流县华阳镇天研路218号,2017/05/02,2023/05/01,"ISO/IEC 17043:2010
			    		《合格评定—能力验证的通用要求》
			    		
			    		
			    		以及CNAS特定认可要求"
