,机构名称,周期,序号,姓名,授权签字领域,说明,状态
0,中国制浆造纸研究院有限公司检验计量中心,2019/02/01 - 2025/02/13,1,陈曦,认可的全部能力验证项目,,有效
1,中国制浆造纸研究院有限公司检验计量中心,2019/02/01 - 2025/02/13,2,张清文,认可的全部能力验证项目,,有效
2,中国制浆造纸研究院有限公司检验计量中心,2019/02/01 - 2025/02/13,3,李萍,认可的全部能力验证项目,,有效
3,中国航天系统科学与工程研究院软件和信息安全测评实验室,2019/01/30 - 2025/02/13,1,杨桂枝,全部项目,,有效
4,中国航天系统科学与工程研究院软件和信息安全测评实验室,2019/01/30 - 2025/02/13,2,孙凤丽,全部项目,,有效
5,中国检验检疫科学研究院测试评价中心,2018/11/27 - 2024/12/26,1,卢行安,理化领域、生物领域全项目,,有效
6,中国检验检疫科学研究院测试评价中心,2018/11/27 - 2024/12/26,2,刘汉霞,理化领域,,有效
7,中国检验检疫科学研究院测试评价中心,2018/11/27 - 2024/12/26,3,王秀君,理化领域,,有效
8,中国检验检疫科学研究院测试评价中心,2018/11/27 - 2024/12/26,4,赵红阳,生物领域,,有效
9,中国检验检疫科学研究院测试评价中心,2018/11/27 - 2024/12/26,5,吴品珊,植物病原真菌,,有效
10,中国检验检疫科学研究院测试评价中心,2018/11/27 - 2024/12/26,6,葛建军,植物检疫、转基因产品、物种资源,,有效
11,中国检验检疫科学研究院测试评价中心,2018/11/27 - 2024/12/26,7,魏梅生,植物病毒项目,,有效
12,中国检验检疫科学研究院测试评价中心,2018/11/27 - 2024/12/26,8,张俊华,植物检疫昆虫,,有效
13,中国食品药品检定研究院,2018/10/08 - 2024/10/07,1,张河战,食品、化妆品、临检,,有效
14,中国食品药品检定研究院,2018/10/08 - 2024/10/07,2,项新华,明胶、干肉糜、饮料、全脂粉、婴幼儿乳粉、保健食品、蔬菜粉、大米、米粉、化妆品乳液、药包材用聚乙烯粒料、药包材PET/PE复合膜、药包材用聚丙烯粒料、药用辅料,,有效
15,中国食品药品检定研究院,2018/10/08 - 2024/10/07,3,丁宏,明胶、干肉糜、饮料、全脂粉、婴幼儿乳粉、保健食品、蔬菜粉、大米、米粉、化妆品乳液,,有效
16,中国食品药品检定研究院,2018/10/08 - 2024/10/07,4,孙会敏,药包材用聚乙烯粒料、药包材PET/PE复合膜、药包材用聚丙烯粒料、药用辅料,,有效
17,中国食品药品检定研究院,2018/10/08 - 2024/10/07,1,张河战,兔血清、实验大鼠血清、实验小鼠血清、实验动物粪便（冻干粉）、实验动物血清、实验小鼠肾匀浆(冻干粉)、血清基质制备物、生物制品（冻干粉）,,有效
18,中国食品药品检定研究院,2018/10/08 - 2024/10/07,1,张河战,兔血清、实验大鼠血清、实验小鼠血清、实验动物粪便（冻干粉）、实验动物血清、实验小鼠肾匀浆(冻干粉)、血清基质制备物、生物制品（冻干粉）,,有效
19,中国食品药品检定研究院,2018/10/08 - 2024/10/07,2,项新华,化学药品（原料药及制剂）、消肝利胆片、六味安消胶囊、人参、输注器具溶出液、医用电气设备,,有效
20,中国食品药品检定研究院,2018/10/08 - 2024/10/07,3,岳秉飞,兔血清、实验大鼠血清、实验小鼠血清、实验动物粪便（冻干粉）、实验动物血清、实验小鼠肾匀浆(冻干粉),,有效
21,中国食品药品检定研究院,2018/10/08 - 2024/10/07,4,马双成,消肝利胆片、六味安消胶囊、人参,,有效
22,中国食品药品检定研究院,2018/10/08 - 2024/10/07,5,张庆生,化学药品（原料药及制剂）,,有效
23,中国食品药品检定研究院,2018/10/08 - 2024/10/07,6,杨昭鹏,输注器具溶出液、医用电气设备,,有效
24,北京亚分科技有限公司,2018/07/26 - 2024/07/25,1,姜进平,纤维纺织领域,,有效
25,北京亚分科技有限公司,2018/07/26 - 2024/07/25,2,郑婕,纤维纺织领域,,有效
26,北京东方计量测试研究所,2018/06/11 - 2024/06/10,1,金海彬,电学校准项目,,有效
27,北京东方计量测试研究所,2018/06/11 - 2024/06/10,2,黄晓钉,电学校准项目,,有效
28,北京东方计量测试研究所,2018/06/11 - 2024/06/10,3,罗春妹,数字多用表校准项目,,有效
29,北京东方计量测试研究所,2018/06/11 - 2024/06/10,4,李晶晶,数字多用表校准项目,,有效
30,北京东方计量测试研究所,2018/06/11 - 2024/06/10,5,王莺,标准电阻校准项目,,有效
31,自然资源部珠宝玉石首饰管理中心（国家珠宝玉石质量监督检验中心）,2018/04/08 - 2024/04/07,1,柯捷,珠宝玉石鉴定、钻石分级,,有效
32,自然资源部珠宝玉石首饰管理中心（国家珠宝玉石质量监督检验中心）,2018/04/08 - 2024/04/07,2,张钧,珠宝玉石鉴定、钻石分级,,有效
33,自然资源部珠宝玉石首饰管理中心（国家珠宝玉石质量监督检验中心）,2018/04/08 - 2024/04/07,3,田晶,珠宝玉石鉴定、钻石分级,,有效
34,自然资源部珠宝玉石首饰管理中心（国家珠宝玉石质量监督检验中心）,2018/04/08 - 2024/04/07,4,苏隽,珠宝玉石鉴定、钻石分级,,有效
35,自然资源部珠宝玉石首饰管理中心（国家珠宝玉石质量监督检验中心）,2018/04/08 - 2024/04/07,5,魏华,珠宝玉石鉴定、钻石分级,,有效
36,中国皮革制鞋研究院有限公司检测中心,2018/03/29 - 2024/03/28,1,闫宏伟,皮革、鞋材物理性能和化学性能；钢勾心硬度和纵向刚度。,,有效
37,中国皮革制鞋研究院有限公司检测中心,2018/03/29 - 2024/03/28,2,黄志丁,皮革、鞋材物理性能和化学性能；钢勾心硬度和纵向刚度。,,有效
38,北京中实国金国际实验室能力验证研究有限公司,2018/03/12 - 2024/03/16,1,王海舟,全部项目,,有效
39,北京中实国金国际实验室能力验证研究有限公司,2018/03/12 - 2024/03/16,2,贾慧明,能力范围中的48、49,,有效
40,北京中实国金国际实验室能力验证研究有限公司,2018/03/12 - 2024/03/16,3,佟艳春,全部项目,,有效
41,北京中实国金国际实验室能力验证研究有限公司,2018/03/12 - 2024/03/16,4,胡洛翡,全部化学项目及纺织品,,有效
42,北京中实国金国际实验室能力验证研究有限公司,2018/03/12 - 2024/03/16,5,张亮,能力范围中的43-47,,有效
43,北京中实国金国际实验室能力验证研究有限公司,2018/03/12 - 2024/03/16,6,王明海,全部化学项目及纺织品,,有效
44,北京中实国金国际实验室能力验证研究有限公司,2018/03/12 - 2024/03/16,7,唐凌天,全部化学项目及纺织品,,有效
45,北京中实国金国际实验室能力验证研究有限公司,2018/03/12 - 2024/03/16,8,闫冬霞,全部化学项目及纺织品,,有效
46,北京中实国金国际实验室能力验证研究有限公司,2018/03/12 - 2024/03/16,9,钟振前,能力范围中的44-47,,有效
47,北京中实国金国际实验室能力验证研究有限公司,2018/03/12 - 2024/03/16,10,张克,能力范围中的48、49,,有效
48,国家无线电监测中心检测中心,2018/03/02 - 2024/03/01,1,王文俭,全部检测项目,,有效
49,国家无线电监测中心检测中心,2018/03/02 - 2024/03/01,2,张莎,全部检测范围,,有效
50,煤炭科学技术研究院有限公司检测中心,2018/01/16 - 2024/02/01,1,韩立亭,煤炭、煤灰、焦炭,,有效
51,煤炭科学技术研究院有限公司检测中心,2018/01/16 - 2024/02/01,2,张克芮,煤炭、煤灰、焦炭,,有效
52,中国计量科学研究院新能源环境计量研究所,2018/01/03 - 2024/01/05,1,滕俊恒,电气(电磁兼容、性能测试、电学试验)、无线电同轴衰减器的衰减值校准,,有效
53,中国计量科学研究院新能源环境计量研究所,2018/01/03 - 2024/01/05,2,武彤,电气(电磁兼容、性能测试、电学试验)、无线电同轴衰减器的衰减值校准,,有效
54,中国计量科学研究院新能源环境计量研究所,2018/01/03 - 2024/01/05,3,徐定华,电气(电磁兼容、性能测试、电学试验)、无线电同轴衰减器的衰减值校准,,有效
55,中国计量科学研究院新能源环境计量研究所,2018/01/03 - 2024/01/05,4,熊利民,光伏组件 标准太阳电池,,有效
56,北京出入境检验检疫局检验检疫技术中心,2017/09/29 - 2023/11/02,1,高欣,玩具及婴童用品,,有效
57,北京出入境检验检疫局检验检疫技术中心,2017/09/29 - 2023/11/02,2,李少青,玩具及婴童用品,,有效
58,北京出入境检验检疫局检验检疫技术中心,2017/09/29 - 2023/11/02,1,高文娜,细菌、真菌,,有效
59,北京出入境检验检疫局检验检疫技术中心,2017/09/29 - 2023/11/02,2,边勇,线虫,,有效
60,北京出入境检验检疫局检验检疫技术中心,2017/09/29 - 2023/11/02,3,吕玉峰,杂草籽,,有效
61,北京出入境检验检疫局检验检疫技术中心,2017/09/29 - 2023/11/02,4,邓丛良,病毒及类病毒、转基因成分,,有效
62,北京出入境检验检疫局检验检疫技术中心,2017/09/29 - 2023/11/02,5,张丽杰,昆虫,,有效
63,北京出入境检验检疫局检验检疫技术中心,2017/09/29 - 2023/11/02,1,郭惠琳,医学媒介生物项目,,有效
64,北京出入境检验检疫局检验检疫技术中心,2017/09/29 - 2023/11/02,1,王 强,申请认可的全部检测领域,,有效
65,北京出入境检验检疫局检验检疫技术中心,2017/09/29 - 2023/11/02,2,崔莎莎,化学领域检测项目,,有效
66,北京出入境检验检疫局检验检疫技术中心,2017/09/29 - 2023/11/02,1,张利峰,禽类，马，猪，水生动物，偶蹄动物，哺乳动物，牛、羊等反刍动物检疫领域,,有效
67,北京出入境检验检疫局检验检疫技术中心,2017/09/29 - 2023/11/02,2,高志强,禽类，马，猪，水生动物，偶蹄动物，哺乳动物，牛、羊等反刍动物检疫领域,,有效
68,北京出入境检验检疫局检验检疫技术中心,2017/09/29 - 2023/11/02,3,汪 琳,禽类，马，猪，水生动物，偶蹄动物，哺乳动物，牛、羊等反刍动物检疫领域,,有效
69,北京出入境检验检疫局检验检疫技术中心,2017/09/29 - 2023/11/02,4,刘全国,牛羊源性成分、羊痒病项目,,有效
70,北京软件产品质量检测检验中心,2017/09/12 - 2023/09/11,1,楼莉,软件产品效率测试,,有效
71,北京软件产品质量检测检验中心,2017/09/12 - 2023/09/11,2,郭澍,软件产品效率测试,,有效
72,北京软件产品质量检测检验中心,2017/09/12 - 2023/09/11,3,任佩,软件产品效率测试,,有效
73,中国建材检验认证集团股份有限公司,2017/07/26 - 2023/07/25,1,刘元新,全部认可项目,,有效
74,中国建材检验认证集团股份有限公司,2017/07/26 - 2023/07/25,2,张庆华,全部认可项目,,有效
75,中国建材检验认证集团股份有限公司,2017/07/26 - 2023/07/25,3,王瑞海,全部认可项目,,有效
76,中国建材检验认证集团股份有限公司,2017/07/26 - 2023/07/25,4,朱晓玲,全部认可项目,,有效
77,中标能效科技（北京）有限公司,2017/06/14 - 2023/06/12,1,张少君,全部项目,,有效
78,环境保护部标准样品研究所,2017/01/12 - 2023/02/06,1,田洪海,认可的全部项目,扩大,有效
79,环境保护部标准样品研究所,2017/01/12 - 2023/02/06,2,田文,认可的全部项目,扩大,有效
80,环境保护部标准样品研究所,2017/01/12 - 2023/02/06,3,孙自杰,认可的全部项目,扩大,有效
81,中国网络安全审查技术与认证中心信息安全基准实验室,2017/01/22 - 2023/01/21,1,张晓梅,全部检测领域,,有效
82,中国家用电器研究院,2016/06/12 - 2022/07/07,1,刘挺,全部项目,,有效
83,中国家用电器研究院,2016/06/12 - 2022/07/07,2,宫赤霄,全部项目,,有效
84,中国家用电器研究院,2016/06/12 - 2022/07/07,3,孙轩,检测领域——电学中的小家电类产品,,有效
85,国家卫生健康委临床检验中心,2016/03/08 - 2022/03/07,1,王治国,全部能力范围,,有效
86,国家卫生健康委临床检验中心,2016/03/08 - 2022/03/07,2,李金明,"细菌学(0701)、病毒学（0703）、血清学（0706）、分子遗传学（0713）检测领域；
能力范围：1(130-158)、13、17、19、22、23、25、26",,有效
87,国家卫生健康委临床检验中心,2016/03/08 - 2022/03/07,3,彭明婷,"血液学(0708)、医学应用病理学（0714）检测领域；
能力范围：4(10-26)、5(25-27)、8、11、15(16-25)、21(2-4)",,有效
88,国家卫生健康委临床检验中心,2016/03/08 - 2022/03/07,4,张传宝,"免疫学（0709）、化学病理学(0712)、医学应用病理学（0714）领域检测；
能力范围：1(1-129)、3、4(1-9)、6(1)、7、14、15(1-15)、16.
化学病理学（0712）校准领域，能力范围：1",,有效
89,国家卫生健康委临床检验中心,2016/03/08 - 2022/03/07,5,胡继红,"食品的微生物检测（0101）；细菌学(0701)检测领域；
能力范围：18、20",,有效
90,国家卫生健康委临床检验中心,2016/03/08 - 2022/03/07,6,王露楠,"病毒学(0703)、血清学(0706)、免疫血液学（0707）、血液学(0708)；
能力范围：1(159-163)、9(1)、12(1-4)",,有效
91,上海电器设备检测所有限公司,2018/11/27 - 2024/11/29,1,王爱国,全部领域,,有效
92,上海电器设备检测所有限公司,2018/11/27 - 2024/11/29,2,陈建兵,全部领域,,有效
93,上海电器设备检测所有限公司,2018/11/27 - 2024/11/29,3,倪立新,全部领域,,有效
94,上海电器设备检测所有限公司,2018/11/27 - 2024/11/29,4,徐献清,低压电器领域,,有效
95,宝山钢铁股份有限公司中央研究院（技术中心）研发保障中心,2018/08/22 - 2024/09/06,1,张毅,化学分析及微束分析能力验证报告,,有效
96,宝山钢铁股份有限公司中央研究院（技术中心）研发保障中心,2018/08/22 - 2024/09/06,2,纪红玲,化学分析能力验证报告,,有效
97,宝山钢铁股份有限公司中央研究院（技术中心）研发保障中心,2018/08/22 - 2024/09/06,3,陆晓明,化学分析能力验证报告,,有效
98,宝山钢铁股份有限公司中央研究院（技术中心）研发保障中心,2018/08/22 - 2024/09/06,4,方健,机械性能能力验证报告,,有效
99,上海缆慧检测技术有限公司,2018/02/12 - 2024/02/11,1,李骥,全部检测项目,,有效
100,上海缆慧检测技术有限公司,2018/02/12 - 2024/02/11,2,朱永华,全部检测项目,,有效
101,可口可乐饮料（上海）有限公司-亚太技术中心,2017/09/04 - 2023/09/29,1,余申,全部认可领域,,有效
102,公安部第三研究所上海辰星电子数据司法鉴定中心,2017/02/20 - 2023/03/09,1,金波,电子物证,,有效
103,上海市食品药品检验所,2017/02/06 - 2023/02/05,1,杨美成,认可的化学药品检测、中药检测和食品检测,,有效
104,上海市食品药品检验所,2017/02/06 - 2023/02/05,2,陈祝康,认可的化学药品检测、中药检测和食品检测,,有效
105,上海出入境检验检疫局机电产品检测技术中心,2016/11/22 - 2022/12/24,1,戴雪伟,全部项目,维持+扩项,有效
106,上海出入境检验检疫局机电产品检测技术中心,2016/11/22 - 2022/12/24,2,徐胜,电气领域项目,维持,有效
107,上海出入境检验检疫局机电产品检测技术中心,2016/11/22 - 2022/12/24,3,章稼新,电气领域项目,维持,有效
108,上海出入境检验检疫局机电产品检测技术中心,2016/11/22 - 2022/12/24,4,韩丽,食品领域项目,新增,有效
109,上海出入境检验检疫局机电产品检测技术中心,2016/11/22 - 2022/12/24,5,杨振宇,食品领域项目,新增,有效
110,上海出入境检验检疫局机电产品检测技术中心,2016/11/22 - 2022/12/24,6,叶军,植物检疫领域项目,,有效
111,上海出入境检验检疫局机电产品检测技术中心,2016/11/22 - 2022/12/24,7,于翠,植物检疫领域项目,,有效
112,上海材料研究所检测中心,2016/12/22 - 2022/12/21,1,陶美娟,化学检测,,有效
113,上海材料研究所检测中心,2016/12/22 - 2022/12/21,2,巴发海,力学检测,,有效
114,上海材料研究所检测中心,2016/12/22 - 2022/12/21,3,陆慧,物理检测,,有效
115,上海材料研究所检测中心,2016/12/22 - 2022/12/21,4,黄旭东,力学检测,,有效
116,上海国缆检测中心有限公司,2016/09/12 - 2022/09/24,1,毛阿兴,导体直流电阻、绝缘电阻、绝缘平均厚度、高温压力、抗张强度项目,维持+扩大,有效
117,上海国缆检测中心有限公司,2016/09/12 - 2022/09/24,2,李娜,导体直流电阻、绝缘电阻、绝缘平均厚度、高温压力、抗张强度项目,维持+扩大,有效
118,上海材料研究所机械工业无损检测中心,2016/08/30 - 2022/08/29,1,丁杰,金属材料及其制品无损检测（磁粉、渗透、超声、射线）项目,,有效
119,上海材料研究所机械工业无损检测中心,2016/08/30 - 2022/08/29,2,王森,金属材料及其制品无损检测（磁粉、渗透、超声、射线）项目,,有效
120,上海材料研究所机械工业无损检测中心,2016/08/30 - 2022/08/29,3,张义凤,金属材料及其制品无损检测（渗透、磁粉、超声、射线检测）项目,,有效
121,上海市临床检验中心,2016/03/10 - 2022/03/09,1,王华梁,全部项目,,有效
122,上海市临床检验中心,2016/03/10 - 2022/03/09,2,居漪,全部项目,,有效
123,上海市临床检验中心,2016/03/10 - 2022/03/09,3,朱宇清,临床免疫学1-26～1-55；1-77～1-88；1-107～1-169；3-21～3-24,,有效
124,上海市临床检验中心,2016/03/10 - 2022/03/09,4,王青,"临床血液体液学3-1～3-5；4-1～4-10；5-1～
5-3；7-1～7-4；3-12～3-14；3-16～3-20；3-25；5-6～5-16；8-14；14-1～14-4",,有效
125,上海市临床检验中心,2016/03/10 - 2022/03/09,5,肖艳群,分子生物学5-4～5-5；9-1～9-2；10-1；11-1；12-1～12-4；13-1,,有效
126,上海市临床检验中心,2016/03/10 - 2022/03/09,6,唐立萍,"临床化学1-1～1-25；1-56～1-76；2-1～2-7；
1-89；3-6～3-7；1-90～1-106；1-170～1-176；8-1～8-13",,有效
127,上海市临床检验中心,2016/03/10 - 2022/03/09,7,葛平,临床微生物学6-1～6-14；15-1,,有效
128,上海市临床检验中心,2016/03/10 - 2022/03/09,8,王敬华,临床微生物学6-1～6-14；15-1,,有效
129,重庆市临床检验中心,2018/07/15 - 2024/07/14,1,田华,感染性疾病血清学标志物A（2-2～2-3）/内分泌（2-26～2-30）/特殊蛋白（2-31～2-41） 能力验证项目,,有效
130,重庆市临床检验中心,2018/07/15 - 2024/07/14,2,赵懿,临床血液学（1-1～1-8）/尿液干化学分析（4-1～4-10）/凝血试验（5-1～5-4）能力验证项目,,有效
131,重庆市临床检验中心,2018/07/15 - 2024/07/14,3,王淑玲,临床微生物学（3-1～3-2） 能力验证项目,,有效
132,重庆市临床检验中心,2018/07/15 - 2024/07/14,4,郭元元,核酸检测（病毒学）（HBV DNA）（2-1）能力验证项目,,有效
133,重庆市临床检验中心,2018/07/15 - 2024/07/14,5,牛长春,常规化学 （2-4～2-25）/糖化血红蛋白（1-9） 能力验证项目,,有效
134,石家庄海关技术中心,2018/09/04 - 2024/10/08,1,郭春海,奶粉、辣椒粉、葡萄酒,,有效
135,石家庄海关技术中心,2018/09/04 - 2024/10/08,2,马育松,奶粉、辣椒粉、葡萄酒,,有效
136,石家庄海关技术中心,2018/09/04 - 2024/10/08,3,王建昌,食品微生物,,有效
137,石家庄海关技术中心,2018/09/04 - 2024/10/08,4,连素梅,棉花,,有效
138,石家庄海关技术中心,2018/09/04 - 2024/10/08,5,刘锦瑞,羊绒制品、纺织品,,有效
139,石家庄海关技术中心,2018/09/04 - 2024/10/08,6,孙晓霞,食品微生物、植物检疫,,有效
140,河北世纪建筑材料设备检验有限公司,2017/11/03 - 2023/11/02,1,田  莉,全部认可领域,,有效
141,河北世纪建筑材料设备检验有限公司,2017/11/03 - 2023/11/02,2,巩亚敏,全部认可领域,,有效
142,河北世纪建筑材料设备检验有限公司,2017/11/03 - 2023/11/02,3,王宇光,全部认可领域,,有效
143,秦皇岛海关煤炭检测技术中心,2016/07/11 - 2022/07/10,1,张春田,全部认可项目,,有效
144,秦皇岛海关煤炭检测技术中心,2016/07/11 - 2022/07/10,2,张渤,全部认可项目,,有效
145,秦皇岛海关煤炭检测技术中心,2016/07/11 - 2022/07/10,3,冯冬,全部认可项目,,有效
146,秦皇岛海关煤炭检测技术中心,2016/07/11 - 2022/07/10,4,张衡,全部认可项目,,有效
147,山西出入境检验检疫局检验检疫技术中心,2018/10/22 - 2024/11/07,1,陈勇,煤炭、焦炭、铜精矿、化学分析溶液、小麦粉、食品中违禁物、白酒、奶粉、饮料、食用油,,有效
148,山西出入境检验检疫局检验检疫技术中心,2018/10/22 - 2024/11/07,2,薛平,煤炭、焦炭、铜精矿、化学分析溶液、小麦粉、食品中违禁物、白酒、奶粉、饮料、食用油,,有效
149,山西出入境检验检疫局检验检疫技术中心,2018/10/22 - 2024/11/07,3,宋欢,煤炭、焦炭、铜精矿、化学分析溶液、小麦粉、食品中违禁物、白酒、奶粉、饮料、食用油,,有效
150,山西出入境检验检疫局检验检疫技术中心,2018/10/22 - 2024/11/07,4,潘亚利,煤炭、焦炭、铜精矿、化学分析溶液,,有效
151,山西出入境检验检疫局检验检疫技术中心,2018/10/22 - 2024/11/07,5,苑利,化学分析溶液、白酒、奶粉、饮料、食用油,,有效
152,山西出入境检验检疫局检验检疫技术中心,2018/10/22 - 2024/11/07,6,杜利君,化学分析溶液、小麦粉、食品中违禁物、白酒、奶粉、饮料、食用油,,有效
153,山西出入境检验检疫局检验检疫技术中心,2018/10/22 - 2024/11/07,7,张敏爱,煤炭、焦炭、铜精矿、化学分析溶液、小麦粉、食品中违禁物、白酒、奶粉、饮料、食用油,,有效
154,山西出入境检验检疫局检验检疫技术中心,2018/10/22 - 2024/11/07,8,赵发宝,煤炭、焦炭、铜精矿、化学分析溶液、小麦粉、食品中违禁物、白酒、奶粉、饮料、食用油,,有效
155,沈阳产品质量监督检验院（沈阳产品质量监督检验研究院、沈阳安全生产监督检验研究院）,2019/05/22 - 2025/05/21,1,岑琴,"饮料,",,有效
156,沈阳产品质量监督检验院（沈阳产品质量监督检验研究院、沈阳安全生产监督检验研究院）,2019/05/22 - 2025/05/21,2,彭红,饮料,,有效
157,沈阳产品质量监督检验院（沈阳产品质量监督检验研究院、沈阳安全生产监督检验研究院）,2019/05/22 - 2025/05/21,1,周大勇,浸渍胶膜纸饰面人造板,,有效
158,沈阳产品质量监督检验院（沈阳产品质量监督检验研究院、沈阳安全生产监督检验研究院）,2019/05/22 - 2025/05/21,2,章丽娜,浸渍胶膜纸饰面人造板,,有效
159,沈阳产品质量监督检验院（沈阳产品质量监督检验研究院、沈阳安全生产监督检验研究院）,2019/05/22 - 2025/05/21,3,张凯,洗涤剂与有关产品,,有效
160,沈阳产品质量监督检验院（沈阳产品质量监督检验研究院、沈阳安全生产监督检验研究院）,2019/05/22 - 2025/05/21,4,郭霞,洗涤剂与有关产品,,有效
161,大连中食国实检测技术有限公司,2017/06/12 - 2023/07/24,1,史立娟,全部认可项目,,有效
162,大连中食国实检测技术有限公司,2017/06/12 - 2023/07/24,2,蔡丽娟,认可的所有理化项目,,有效
163,大连中食国实检测技术有限公司,2017/06/12 - 2023/07/24,3,李哲,全部认可项目,,有效
164,大连中食国实检测技术有限公司,2017/06/12 - 2023/07/24,4,周璐,认可的微生物项目,,有效
165,大连海关技术中心/辽宁省检验检疫科学技术研究院,2016/12/22 - 2022/12/21,1,王秋艳,全部能力验证项目,维持+扩大,有效
166,大连海关技术中心/辽宁省检验检疫科学技术研究院,2016/12/22 - 2022/12/21,2,张 宁,食品理化能力验证项目,维持+扩大,有效
167,大连海关技术中心/辽宁省检验检疫科学技术研究院,2016/12/22 - 2022/12/21,3,赵  昕,食品遗传物质能力验证项目,维持,有效
168,大连海关技术中心/辽宁省检验检疫科学技术研究院,2016/12/22 - 2022/12/21,4,郑秋月,食品生物能力验证项目,缩小认可范围,有效
169,大连海关技术中心/辽宁省检验检疫科学技术研究院,2016/12/22 - 2022/12/21,5,王有福,植物检疫能力验证项目,维持,有效
170,大连海关技术中心/辽宁省检验检疫科学技术研究院,2016/12/22 - 2022/12/21,6,肖珊珊,食品理化能力验证项目,维持,有效
171,大连海关技术中心/辽宁省检验检疫科学技术研究院,2016/12/22 - 2022/12/21,7,董伟峰,食品理化能力验证项目,维持,有效
172,大连海关技术中心/辽宁省检验检疫科学技术研究院,2016/12/22 - 2022/12/21,8,胡传伟,动物检疫能力验证项目,维持,有效
173,大连海关技术中心/辽宁省检验检疫科学技术研究院,2016/12/22 - 2022/12/21,9,贾  赟,动物检疫能力验证项目,维持,有效
174,大连海关技术中心/辽宁省检验检疫科学技术研究院,2016/12/22 - 2022/12/21,10,任玉伟,矿产品能力验证项目,维持,有效
175,大连海关技术中心/辽宁省检验检疫科学技术研究院,2016/12/22 - 2022/12/21,11,富瑶,矿产品能力验证项目,,有效
176,大连海关技术中心/辽宁省检验检疫科学技术研究院,2016/12/22 - 2022/12/21,12,郑江,认可范围内全部能力验证项目,,有效
177,大连海关技术中心/辽宁省检验检疫科学技术研究院,2016/12/22 - 2022/12/21,13,杨春光,食品理化能力验证项目,,有效
178,大连海关技术中心/辽宁省检验检疫科学技术研究院,2016/12/22 - 2022/12/21,14,徐君怡,毒理学能力验证项目,,有效
179,大连海关技术中心/辽宁省检验检疫科学技术研究院,2016/12/22 - 2022/12/21,15,孙瑶,食品理化能力验证项目,,有效
180,大连海关技术中心/辽宁省检验检疫科学技术研究院,2016/12/22 - 2022/12/21,16,庞艳华,食品理化能力验证项目,,有效
181,大连海关技术中心/辽宁省检验检疫科学技术研究院,2016/12/22 - 2022/12/21,1,林  忠,矿产品能力验证项目,维持,有效
182,大连海关技术中心/辽宁省检验检疫科学技术研究院,2016/12/22 - 2022/12/21,2,张群,矿产品能力验证项目,新增,有效
183,南京海关动植物与食品检测中心,2018/05/18 - 2024/05/17,1,沈崇钰,蜂蜜、奶粉、菠菜汁项目,,有效
184,南京海关动植物与食品检测中心,2018/05/18 - 2024/05/17,2,陈惠兰,蜂蜜、奶粉、菠菜汁项目,,有效
185,南京海关动植物与食品检测中心,2018/05/18 - 2024/05/17,3,吴 斌,蜂蜜、奶粉、菠菜汁项目,,有效
186,南京海关动植物与食品检测中心,2018/05/18 - 2024/05/17,4,丁涛,蜂蜜、奶粉、菠菜汁项目,,有效
187,苏州出入境检验检疫局外来有害生物防控实验室,2017/12/28 - 2023/12/27,1,陈云芳,认可的植物检疫能力验证项目,,有效
188,苏州电器科学研究院股份有限公司,2016/11/21 - 2022/11/20,1,胡德霖,"接地电阻试验；
主回路电阻测量；
工频电压测量",,有效
189,苏州电器科学研究院股份有限公司,2016/11/21 - 2022/11/20,2,喻平武,"接地电阻试验；
主回路电阻测量；
工频电压测量",,有效
190,江苏出入境检验检疫局工业产品检测中心,2016/04/25 - 2022/04/24,1,吴丽娜,纺织品能力验证项目、铜精矿能力验证项目,,有效
191,江苏出入境检验检疫局工业产品检测中心,2016/04/25 - 2022/04/24,2,丁友超,纺织品化学能力验证项目,,有效
192,江苏出入境检验检疫局工业产品检测中心,2016/04/25 - 2022/04/24,3,周绍强,纺织品物理能力验证项目,,有效
193,江苏出入境检验检疫局工业产品检测中心,2016/04/25 - 2022/04/24,4,封亚辉,铜精矿能力验证项目,,有效
194,江苏出入境检验检疫局工业产品检测中心,2016/04/25 - 2022/04/24,5,郑建明,铜精矿能力验证项目,,有效
195,北仑出入境检验检疫局综合技术服务中心,2018/08/29 - 2024/09/09,1,应海松,铁矿石,,有效
196,北仑出入境检验检疫局综合技术服务中心,2018/08/29 - 2024/09/09,2,陈贺海,铁矿石,,有效
197,浙江国检检测技术股份有限公司,2018/01/16 - 2024/01/15,1,张青春,紧固件领域,,有效
198,浙江国检检测技术股份有限公司,2018/01/16 - 2024/01/15,2,王慧,紧固件领域、金属材料硬度和金属材料金相,,有效
199,浙江国检检测技术股份有限公司,2018/01/16 - 2024/01/15,3,陈琦峰,紧固件领域、金属材料硬度和金属材料金相,,有效
200,华电电力科学研究院有限公司电煤质检中心,2017/08/03 - 2023/08/02,1,陈剑,煤炭(0206)检测,,有效
201,华电电力科学研究院有限公司电煤质检中心,2017/08/03 - 2023/08/02,2,覃涛,煤炭(0206)检测,,有效
202,浙江出入境检验检疫局丝类检测中心,2016/10/22 - 2022/10/21,1,徐进,生丝、绢丝、双宫丝、捻线丝和土丝,,有效
203,浙江出入境检验检疫局丝类检测中心,2016/10/22 - 2022/10/21,2,赵栋,生丝、绢丝、双宫丝、捻线丝和土丝,,有效
204,浙江出入境检验检疫局丝类检测中心,2016/10/22 - 2022/10/21,3,潘璐璐,生丝、绢丝、双宫丝、捻线丝和土丝,,有效
205,浙江出入境检验检疫局丝类检测中心,2016/10/22 - 2022/10/21,4,董锁拽,生丝、绢丝、双宫丝、捻线丝和土丝,,有效
206,浙江出入境检验检疫局丝类检测中心,2016/10/22 - 2022/10/21,5,徐浩,生丝、绢丝、双宫丝、捻线丝和土丝,,有效
207,泉州出入境检验检疫局综合技术服务中心,2019/04/18 - 2025/04/17,1,毛树禄,皮革中禁用偶氮染料、五氯苯酚、六价铬，橡胶中多环芳烃（萘、苊烯、苊、芴、菲、蒽、荧蒽、芘），硫化橡胶耐磨性能，鞋类耐黄变,,有效
208,淄博出入境检验检疫局检验检疫技术中心,2019/02/15 - 2025/02/24,1,许宏民,全部,,有效
209,淄博出入境检验检疫局检验检疫技术中心,2019/02/15 - 2025/02/24,2,孙计赞,日用陶瓷,,有效
210,淄博出入境检验检疫局检验检疫技术中心,2019/02/15 - 2025/02/24,3,陶琳,全部,,有效
211,淄博出入境检验检疫局检验检疫技术中心,2019/02/15 - 2025/02/24,4,张苗,饮用水,,有效
212,山东非金属材料研究所,2018/06/11 - 2024/06/10,1,赵华,塑料、橡胶、有机化工原料及产品、胶黏剂、纤维增强塑料、清漆、7号白油、水的检测项目，常用玻璃量器、工作毛细管粘度计、旋转黏度计校准项目,,有效
213,山东非金属材料研究所,2018/06/11 - 2024/06/10,2,冀克俭,有机化工原料及产品、胶黏剂、清漆、7号白油、水的检测项目，常用玻璃量器、工作毛细管粘度计、旋转黏度计校准项目,,有效
214,山东非金属材料研究所,2018/06/11 - 2024/06/10,3,郑会保,塑料、橡胶、纤维增强塑料的检测项目,,有效
215,山东非金属材料研究所,2018/06/11 - 2024/06/10,4,荀其宁,有机化工原料及产品、胶黏剂、清漆、7号白油、水的检测项目，常用玻璃量器、工作毛细管粘度计、旋转黏度计校准项目,,有效
216,山东非金属材料研究所,2018/06/11 - 2024/06/10,5,段剑,塑料、橡胶、纤维增强塑料的检测项目,,有效
217,青岛海关技术中心,2018/05/02 - 2024/05/14,1,郑丽莎,棉花,,有效
218,青岛海关技术中心,2018/05/02 - 2024/05/14,2,王铭,棉花,,有效
219,青岛海关技术中心,2018/05/02 - 2024/05/14,3,董俊哲,棉花,,有效
220,青岛海关技术中心,2018/05/02 - 2024/05/14,1,徐彪,申请认可的全部生物领域能力验证项目,,有效
221,青岛海关技术中心,2018/05/02 - 2024/05/14,2,王境堂,申请认可的全部化学领域能力验证项目,,有效
222,青岛海关技术中心,2018/05/02 - 2024/05/14,3,邵秀玲,申请认可的生物样品中西瓜细菌性果斑病菌能力验证项目,,有效
223,青岛海关技术中心,2018/05/02 - 2024/05/14,4,厉艳,申请认可的生物样品中西瓜细菌性果斑病菌能力验证项目,,有效
224,青岛海关技术中心,2018/05/02 - 2024/05/14,5,岳志芹,"申请认可的生物样品中禽流感病毒、马传染性贫血病毒、病毒性出血性败血症病毒和甲型肝炎病毒,草莓和贝类中诺如病毒能力验证项目",,有效
225,青岛海关技术中心,2018/05/02 - 2024/05/14,6,孙涛,申请认可的生物样品中禽流感病毒、新城疫病毒能力验证项目,,有效
226,青岛海关技术中心,2018/05/02 - 2024/05/14,7,王群,申请认可的生物样品中马传染性贫血病毒能力验证项目,,有效
227,青岛海关技术中心,2018/05/02 - 2024/05/14,8,贾俊涛,申请认可的模拟食品中中菌落总数、副溶血性弧菌、沙门氏菌、大肠菌群、大肠杆菌、金黄色葡萄球菌、单核细胞增生李斯特氏菌，饲料中细菌总数、沙门氏菌能力验证项目,,有效
228,青岛海关技术中心,2018/05/02 - 2024/05/14,9,唐静,申请认可的模拟食品中菌落总数、副溶血性弧菌、沙门氏菌、大肠菌群、大肠杆菌、金黄色葡萄球菌、单核细胞增生李斯特氏菌，饲料中细菌总数、沙门氏菌能力验证项目,,有效
229,青岛海关技术中心,2018/05/02 - 2024/05/14,10,雷质文,申请认可的模拟食品中菌落总数、副溶血性弧菌、沙门氏菌、大肠菌群、大肠杆菌、金黄色葡萄球菌、单核细胞增生李斯特氏菌，饲料中细菌总数、沙门氏菌能力验证项目,,有效
230,青岛海关技术中心,2018/05/02 - 2024/05/14,11,吴振兴,申请认可的食品中黄曲霉毒素B1</SUB>和黄曲霉毒素总量能力验证项目,,有效
231,青岛海关技术中心,2018/05/02 - 2024/05/14,12,静平,申请认可的食品中黄曲霉毒素B1</SUB>和黄曲霉毒素总量能力验证项目,,有效
232,青岛海关技术中心,2018/05/02 - 2024/05/14,13,王建华,申请认可的食品中农药残留（对硫磷、氯氰菊酯、氰戊菊酯、溴氰菊酯、毒死蜱、嘧霉胺、六六六、乙草胺、噻虫嗪、噻虫胺、莠去津）能力验证项目,,有效
233,青岛海关技术中心,2018/05/02 - 2024/05/14,14,罗忻,申请认可的食品中农药残留（对硫磷、氯氰菊酯、氰戊菊酯、溴氰菊酯、毒死蜱、嘧霉胺、六六六、乙草胺、噻虫嗪、噻虫胺、莠去津）能力验证项目,,有效
234,青岛海关技术中心,2018/05/02 - 2024/05/14,15,汤志旭,申请认可的食品中农药残留（对硫磷、氯氰菊酯、氰戊菊酯、溴氰菊酯、毒死蜱、嘧霉胺、六六六、乙草胺、噻虫嗪、噻虫胺、莠去津）能力验证项目,,有效
235,青岛海关技术中心,2018/05/02 - 2024/05/14,16,张鸿伟,"申请认可的奶粉中三聚氰胺，猪肉粉中克伦特罗、莱克多巴胺、沙丁胺醇，虾粉中呋喃唑酮代谢物、呋喃它酮代谢物、呋喃妥因代谢物，牛肉粉中群勃龙,鱼肉中孔雀石绿能力验证项目",,有效
236,青岛海关技术中心,2018/05/02 - 2024/05/14,17,王凤美,"申请认可的奶粉中三聚氰胺，猪肉粉中克伦特罗、莱克多巴胺、沙丁胺醇，虾粉中呋喃唑酮代谢物、呋喃它酮代谢物、呋喃妥因代谢物，牛肉粉中群勃龙,鱼肉中孔雀石绿能力验证项目",,有效
237,青岛海关技术中心,2018/05/02 - 2024/05/14,18,王妍婷,"申请认可的奶粉中三聚氰胺，猪肉粉中克伦特罗、莱克多巴胺、沙丁胺醇，虾粉中呋喃唑酮代谢物、呋喃它酮代谢物、呋喃妥因代谢物，牛肉粉中群勃龙项目,鱼肉中孔雀石绿能力验证项目",,有效
238,青岛海关技术中心,2018/05/02 - 2024/05/14,19,张晓梅,"申请认可的奶粉中三聚氰胺，猪肉粉中克伦特罗、莱克多巴胺、沙丁胺醇，虾粉中呋喃唑酮代谢物、呋喃它酮代谢物、呋喃妥因代谢物，牛肉粉中群勃龙项目,鱼肉中孔雀石绿能力验证项目",,有效
239,青岛海关技术中心,2018/05/02 - 2024/05/14,20,吕宁,申请认可的食品中铅、镉、总砷、总汞、铜、锰、铬、钙、镁、铁，植物油中的邻苯二甲酸酯类、鱼粉中组胺能力验证项目,,有效
240,青岛海关技术中心,2018/05/02 - 2024/05/14,21,徐琴,申请认可的食品中铅、镉、总砷、总汞、铜、锰、铬、钙、镁、铁，植物油中的邻苯二甲酸酯类，鱼粉中组胺能力验证项目,,有效
241,青岛海关技术中心,2018/05/02 - 2024/05/14,22,傅余强,申请认可的食品中铅、镉、总砷、总汞、铜、锰、铬、钙、镁、铁能力验证项目,,有效
242,青岛海关技术中心,2018/05/02 - 2024/05/14,23,张文皓,申请认可的食品中铅、镉、总砷、总汞、铜、锰、铬、钙、镁、铁，植物油中的邻苯二甲酸酯类，鱼粉中组胺能力验证项目,,有效
243,青岛海关技术中心,2018/05/02 - 2024/05/14,1,郭兵,铁矿、氧化铁皮、铜精矿、铝土矿、原油、燃料、润滑剂、工业用油和相关产品油、其他石油产品、肥料、无机化工原料及产品、有机化工原料及产品、表面活性剂及洗涤剂、食品接触材料、天然气,,有效
244,青岛海关技术中心,2018/05/02 - 2024/05/14,2,项海波,铁矿、氧化铁皮、铜精矿、铝土矿、原油、燃料、润滑剂、工业用油和相关产品油、其他石油产品、肥料、无机化工原料及产品、有机化工原料及产品、表面活性剂及洗涤剂、食品接触材料、天然气,,有效
245,青岛海关技术中心,2018/05/02 - 2024/05/14,3,赵祖亮,铁矿、氧化铁皮、铜精矿、铝土矿、原油、燃料、润滑剂、工业用油和相关产品油、其他石油产品、肥料、无机化工原料及产品、有机化工原料及产品、表面活性剂及洗涤剂、食品接触材料、天然气,,有效
246,青岛海关技术中心,2018/05/02 - 2024/05/14,4,岳春雷,铁矿、氧化铁皮、铜精矿、铝土矿、原油、燃料、工业用油和相关产品,,有效
247,青岛海关技术中心,2018/05/02 - 2024/05/14,5,张庆建,铁矿、氧化铁皮、铜精矿、铝土矿,,有效
248,青岛海关技术中心,2018/05/02 - 2024/05/14,6,丁仕兵,铁矿、氧化铁皮、原油、燃料、润滑剂、工业用油和相关产品油、其他石油产品,,有效
249,青岛海关技术中心,2018/05/02 - 2024/05/14,7,刘稚,铁矿、氧化铁皮、原油、燃料、润滑剂、工业用油和相关产品油、其他石油产品,,有效
250,青岛海关技术中心,2018/05/02 - 2024/05/14,8,冯真真,原油、燃料、润滑剂、工业用油和相关产品油、其他石油产品,,有效
251,青岛海关技术中心,2018/05/02 - 2024/05/14,9,戚佳琳,肥料、无机化工原料及产品、表面活性剂及洗涤剂、有机化工原料及产品,,有效
252,青岛海关技术中心,2018/05/02 - 2024/05/14,10,邓可,原油、燃料、工业用油和相关产品油、天然气、食品接触材料,,有效
253,青岛海关技术中心,2018/05/02 - 2024/05/14,11,孙忠松,食品接触材料,,有效
254,青岛海关技术中心,2018/05/02 - 2024/05/14,12,薛秋红,食品接触材料、燃料、天然气,,有效
255,青岛海关技术中心,2018/05/02 - 2024/05/14,13,管嵩,铁矿,,有效
256,青岛赛时检验有限公司,2018/05/02 - 2024/05/01,1,郭武,原油，燃料，润滑剂、工业用油和相关产品，其他石油产品（石脑油），基础有机原料,,有效
257,山东省冶金科学研究院有限公司能力验证中心,2018/02/12 - 2024/02/11,1,张  莉,金属与合金，矿产品，煤炭，金属材料及制品，水，土壤检测的能力验证,,有效
258,山东省冶金科学研究院有限公司能力验证中心,2018/02/12 - 2024/02/11,2,高洪吉,金属与合金，矿产品，煤炭，金属材料及制品，水，土壤检测的能力验证,,有效
259,山东省冶金科学研究院有限公司能力验证中心,2018/02/12 - 2024/02/11,3,王向阳,金属与合金，矿产品，煤炭，金属材料及制品，水，土壤检测的能力验证,,有效
260,山东省冶金科学研究院有限公司能力验证中心,2018/02/12 - 2024/02/11,4,刘伟,金属与合金，矿产品，煤炭，金属材料及制品，水，土壤检测的能力验证,,有效
261,航空工业（新乡）计测科技有限公司,2017/05/11 - 2023/06/12,1,杜立鹏,颗粒污染度和过滤精度项目,,有效
262,航空工业（新乡）计测科技有限公司,2017/05/11 - 2023/06/12,2,郝新友,颗粒污染度和过滤精度项目,,有效
263,湖北省临床检验中心,2017/09/04 - 2023/09/18,1,孙莉军,认可的所有能力验证项目,,有效
264,湖北省临床检验中心,2017/09/04 - 2023/09/18,2,曾明,认可的所有能力验证项目,,有效
265,湖北省临床检验中心,2017/09/04 - 2023/09/18,3,潘莉兰,认可的所有能力验证项目,,有效
266,国家高电压计量站,2017/09/12 - 2023/09/11,1,项琼,电流互感器、电压互感器校准项目,,有效
267,国家高电压计量站,2017/09/12 - 2023/09/11,2,王海燕,电流互感器、电压互感器校准项目,,有效
268,通标标准技术服务有限公司广州分公司能力验证中心,2019/04/02 - 2025/04/01,1,何晓燕,塑料化学检测项目,,有效
269,通标标准技术服务有限公司广州分公司能力验证中心,2019/04/02 - 2025/04/01,2,覃国健,塑料化学检测项目,,有效
270,威凯检测技术有限公司,2019/03/19 - 2025/03/18,1,谢浩江,全部项目,,有效
271,威凯检测技术有限公司,2019/03/19 - 2025/03/18,2,刘国荣,全部项目,,有效
272,威凯检测技术有限公司,2019/03/19 - 2025/03/18,3,刘功桂,全部项目,,有效
273,威凯检测技术有限公司,2019/03/19 - 2025/03/18,4,陈钧,全部项目,,有效
274,威凯检测技术有限公司,2019/03/19 - 2025/03/18,5,朱珈,全部项目,,有效
275,广东省计量科学研究院（华南国家计量测试中心）,2018/11/12 - 2024/11/11,1,陈明华,电磁兼容检测项目,,有效
276,广东省计量科学研究院（华南国家计量测试中心）,2018/11/12 - 2024/11/11,2,柯进,电磁兼容检测项目,,有效
277,广东省计量科学研究院（华南国家计量测试中心）,2018/11/12 - 2024/11/11,1,陈明华,几何量、力学、热学、声学、电磁校准项目,,有效
278,广东省计量科学研究院（华南国家计量测试中心）,2018/11/12 - 2024/11/11,2,罗旭东,电磁校准项目,,有效
279,广东省计量科学研究院（华南国家计量测试中心）,2018/11/12 - 2024/11/11,3,张勇,几何量校准项目,,有效
280,广东省计量科学研究院（华南国家计量测试中心）,2018/11/12 - 2024/11/11,4,周钢,力学校准项目,,有效
281,广东省计量科学研究院（华南国家计量测试中心）,2018/11/12 - 2024/11/11,5,梁显有,热学校准项目,,有效
282,广东省计量科学研究院（华南国家计量测试中心）,2018/11/12 - 2024/11/11,6,李敏毅,声学校准项目,,有效
283,广东省计量科学研究院（华南国家计量测试中心）,2018/11/12 - 2024/11/11,7,戴伟,电磁校准项目,,有效
284,广东产品质量监督检验研究院,2018/09/09 - 2024/10/08,1,陈纪文,涂料中苯、甲苯、二甲苯和乙苯合量,,有效
285,广东产品质量监督检验研究院,2018/09/09 - 2024/10/08,2,陈卓梅,涂料中苯、甲苯、二甲苯和乙苯合量,,有效
286,广东产品质量监督检验研究院,2018/09/09 - 2024/10/08,1,高晓东,皮肤及毛发护理器的输入功率测试,,有效
287,广东产品质量监督检验研究院,2018/09/09 - 2024/10/08,2,刘真泉,皮肤及毛发护理器的输入功率测试,,有效
288,广东产品质量监督检验研究院,2018/09/09 - 2024/10/08,3,林粤龙,装备电缆的绝缘平均厚度和导体电阻的测试,,有效
289,广东产品质量监督检验研究院,2018/09/09 - 2024/10/08,4,叶俊龙,装备电缆的绝缘平均厚度和导体电阻的测试,,有效
290,中国赛宝实验室/工业和信息化部电子第五研究所/中国电子产品可靠性与环境试验研究所,2018/04/16 - 2024/04/15,1,刘群兴,电气检测领域,,有效
291,中国赛宝实验室/工业和信息化部电子第五研究所/中国电子产品可靠性与环境试验研究所,2018/04/16 - 2024/04/15,2,杨培刚,电气检测领域,,有效
292,广东省药品检验所,2018/03/16 - 2024/03/15,1,李华,中药检定,,有效
293,广东省药品检验所,2018/03/16 - 2024/03/15,2,刘潇潇,中药检定,,有效
294,广东省药品检验所,2018/03/16 - 2024/03/15,3,林锦锋,中药检定,,有效
295,广东省药品检验所,2018/03/16 - 2024/03/15,4,杨志业,中药检定,,有效
296,广州机械科学研究院有限公司机械工业油品检验评定中心,2017/01/12 - 2023/01/11,1,庞晋山,液压油、发动机油、汽轮机油检测项目,,有效
297,优尔鸿信检测技术（深圳）有限公司,2016/10/20 - 2022/10/19,1,原茵,电子电器产品用塑料中重金属（Pb Sn Cd  Hg Cr(Ⅵ）、卤素（F、CI、Br）含量测试,,有效
298,优尔鸿信检测技术（深圳）有限公司,2016/10/20 - 2022/10/19,2,魏丽婷,电子电器产品用塑料中重金属（Pb Sn Cd  Hg Cr(Ⅵ）、卤素（F、CI、Br）含量测试,,有效
299,优尔鸿信检测技术（深圳）有限公司,2016/10/20 - 2022/10/19,3,周庆敏,机械零部件长度测量,,有效
300,优尔鸿信检测技术（深圳）有限公司,2016/10/20 - 2022/10/19,4,郭鹏举,电气产品通用环境试验,,有效
301,优尔鸿信检测技术（深圳）有限公司,2016/10/20 - 2022/10/19,5,魏丽霞,塑胶材料拉伸强度、比重、弯曲强度测试,,有效
302,优尔鸿信检测技术（深圳）有限公司,2016/10/20 - 2022/10/19,6,黄宇,全部认可項目,,有效
303,广州海关技术中心,2016/07/08 - 2022/07/07,1,陈平,电气间隙及爬电距离、接地电阻项目、接地电阻,,有效
304,广州海关技术中心,2016/07/08 - 2022/07/07,2,田纯见,新城疫病毒抗体,,有效
305,广州海关技术中心,2016/07/08 - 2022/07/07,3,鱼海琼,猪瘟病毒抗体,,有效
306,广州海关技术中心,2016/07/08 - 2022/07/07,4,刘志玲,猪圆环病毒II型/核酸,,有效
307,广州海关技术中心,2016/07/08 - 2022/07/07,5,李慧,纺织品色牢度、棉花品质,,有效
308,广州海关技术中心,2016/07/08 - 2022/07/07,6,叶湖水,棉花品质及纺织品,,有效
309,广州海关技术中心,2016/07/08 - 2022/07/07,7,肖前,食品接触材料、石油产品,,有效
310,广州海关技术中心,2016/07/08 - 2022/07/07,8,陈谷峰,化学品,,有效
311,广州海关技术中心,2016/07/08 - 2022/07/07,9,张志辉,家具、木制品的化学项目,,有效
312,广州海关技术中心,2016/07/08 - 2022/07/07,10,刘青,食品、化妆品的化学项目,,有效
313,广州海关技术中心,2016/07/08 - 2022/07/07,11,翁文川,食品微生物,,有效
314,广州海关技术中心,2016/07/08 - 2022/07/07,12,梁帆,昆虫,,有效
315,广州海关技术中心,2016/07/08 - 2022/07/07,13,吴海荣,杂草,,有效
316,广州海关技术中心,2016/07/08 - 2022/07/07,14,陈阳,"玩具婴童用品机械物理性能、燃烧性能、电安全、化学项目,纺织品和塑料化学项目",,有效
317,广州海关技术中心,2016/07/08 - 2022/07/07,15,黄理纳,玩具婴童用品、纺织品和塑料的化学项目,,有效
318,广州海关技术中心,2016/07/08 - 2022/07/07,16,刘崇华,玩具婴童用品、纺织品和塑料的化学项目,,有效
319,广州海关技术中心,2016/07/08 - 2022/07/07,17,李骏奇,玩具婴童用品机械物理性能、燃烧性能、电安全项目,,有效
320,广州海关技术中心,2016/07/08 - 2022/07/07,1,陈胜,食品接触材料,,有效
321,广州海关技术中心,2016/07/08 - 2022/07/07,1,黄吉城,流感病毒和虫媒病毒核酸,,有效
322,华测检测认证集团股份有限公司,2016/07/08 - 2022/07/07,1,王在彬,全部项目,,有效
323,华测检测认证集团股份有限公司,2016/07/08 - 2022/07/07,2,张春艳,全部项目（除微生物、电气项目）,,有效
324,华测检测认证集团股份有限公司,2016/07/08 - 2022/07/07,3,魏霞,全部项目（除微生物项目、电气项目）,,有效
325,华测检测认证集团股份有限公司,2016/07/08 - 2022/07/07,4,王欢,全部项目（除微生物项目）,,有效
326,中国石油天然气股份有限公司西南油气田分公司天然气研究院天然气分析测试研究所,2017/05/02 - 2023/05/01,1,迟永杰,天然气及相似气体,,有效
327,中国石油天然气股份有限公司西南油气田分公司天然气研究院天然气分析测试研究所,2017/05/02 - 2023/05/01,2,唐蒙,天然气及相似气体,,有效
328,中国石油天然气股份有限公司西南油气田分公司天然气研究院天然气分析测试研究所,2017/05/02 - 2023/05/01,3,周理,天然气及相似气体,,有效
329,中国石油天然气股份有限公司西南油气田分公司天然气研究院天然气分析测试研究所,2017/05/02 - 2023/05/01,4,曾文平,天然气及相似气体,,有效
